sex,height,weight
1,71.74,259.88
1,71.00,186.73
2,63.83,172.17
1,67.74,174.66
2,67.28,169.20
1,66.73,172.31
2,66.40,147.36
2,63.37,149.42
1,65.99,140.03
1,65.60,168.71
2,61.30,207.86
2,57.08,185.83
1,62.40,137.53
2,69.60,156.60
2,64.09,129.34
2,64.33,158.92
2,66.57,128.00
1,67.11,162.86
1,71.47,289.93
2,58.02,127.16
2,66.33,174.77
2,61.29,101.07
1,66.03,141.93
2,63.04,158.14
1,71.60,215.06
2,63.92,162.26
1,61.52,129.66
1,74.73,205.90
2,66.55,184.97
1,69.47,225.18
1,66.67,208.85
2,66.28,234.90
1,77.74,141.29
1,78.15,221.17
1,70.37,182.06
2,66.86,137.84
2,64.50,199.73
1,71.24,235.61
2,60.40,171.50
2,64.66,213.30
2,66.28,135.00
2,69.76,125.19
1,65.76,146.60
1,68.63,170.90
1,68.28,202.45
2,62.51,115.15
1,71.11,177.70
1,73.60,150.96
1,64.31,181.09
2,60.67,118.81
2,67.12,144.91
2,65.52,192.25
2,61.32,157.87
2,59.48,129.51
2,63.54,141.59
2,63.44,170.99
1,70.65,236.60
1,70.91,220.77
2,62.40,109.54
1,64.51,175.93
2,64.82,175.65
1,62.97,158.87
2,59.87,179.20
2,64.95,120.00
1,66.58,191.86
1,66.12,191.19
2,64.90,126.86
1,73.12,162.74
2,68.40,120.88
2,64.23,140.00
2,65.23,146.43
1,73.31,199.76
2,64.71,131.96
1,71.85,172.99
1,68.67,201.38
2,66.32,172.84
2,64.26,148.78
1,68.79,189.58
1,70.01,200.07
2,63.30,133.23
2,66.21,136.63
2,64.43,148.34
1,67.79,179.73
2,68.52,138.99
2,62.50,219.15
2,60.40,120.88
2,59.70,98.66
2,60.73,135.99
1,71.96,191.09
2,60.93,114.09
2,66.19,132.56
2,62.92,198.67
2,65.00,122.44
2,61.07,162.35
2,73.19,210.83
2,66.62,153.24
2,57.67,129.58
1,67.15,219.83
2,65.53,190.02
2,64.95,109.05
1,69.48,200.90
2,61.61,127.94
2,59.72,160.75
1,73.73,167.79
1,66.09,138.78
2,61.69,170.31
2,66.90,217.08
2,64.39,119.92
2,70.21,169.74
1,67.69,168.55
2,63.90,249.89
2,62.54,179.58
2,62.06,211.42
1,71.40,169.67
2,69.30,156.49
2,59.69,144.12
2,61.58,246.54
1,66.45,164.99
1,67.02,195.58
1,64.55,206.20
2,58.56,138.77
2,60.68,161.47
2,61.45,187.85
1,62.36,140.99
2,60.80,120.50
2,62.05,140.66
2,64.85,144.45
2,67.52,144.81
1,68.78,181.42
1,72.89,249.70
2,68.27,146.40
1,69.46,278.00
2,61.53,220.80
2,64.90,164.00
1,66.48,163.09
2,65.24,151.63
1,71.76,171.35
1,71.35,230.12
2,65.55,159.70
2,64.86,160.48
2,61.92,152.98
1,69.68,198.51
1,65.25,168.14
1,68.59,171.26
2,64.76,130.16
1,68.27,194.19
2,63.56,130.10
1,68.40,150.59
2,64.24,130.95
1,64.41,181.73
1,70.33,181.57
1,64.86,156.08
2,61.09,108.73
1,70.43,161.90
2,58.44,149.84
1,71.44,182.00
1,70.01,169.96
1,66.55,188.05
1,66.44,148.72
2,64.05,159.74
1,69.90,210.04
2,63.16,152.71
1,69.60,160.88
1,71.81,184.56
2,64.71,106.69
1,72.34,175.91
2,58.65,189.54
1,72.38,170.95
2,63.84,141.05
2,63.06,121.98
2,67.05,162.82
1,65.77,159.62
1,68.28,218.93
1,70.28,217.94
1,75.04,228.15
1,74.08,199.66
2,66.43,137.23
2,67.91,159.43
1,69.25,150.80
2,63.16,161.92
2,60.75,146.15
1,67.82,172.93
1,71.45,169.07
2,67.89,174.08
2,62.10,128.11
1,68.01,240.16
2,66.16,125.63
1,67.34,139.85
1,67.32,131.41
1,73.99,191.89
2,65.95,131.74
2,59.62,102.33
1,71.53,209.84
1,72.17,206.65
1,66.08,140.37
2,64.57,121.00
1,76.60,269.92
1,69.96,189.09
1,68.33,160.43
2,65.11,160.65
2,65.29,145.28
1,70.32,204.87
1,65.16,132.23
2,66.94,150.32
1,72.06,162.29
2,65.71,160.86
2,61.22,186.62
1,68.62,152.08
1,67.40,174.46
1,69.98,163.83
1,68.57,143.25
1,68.39,180.12
1,72.04,197.44
1,66.56,199.00
1,72.80,200.76
2,71.28,222.10
1,70.89,200.83
2,57.87,187.24
2,65.41,248.17
2,63.71,167.51
1,74.63,178.20
2,68.38,168.81
1,68.92,191.74
2,60.71,136.55
1,70.60,202.79
2,71.34,209.28
1,66.91,160.61
2,65.71,190.95
2,64.32,150.99
1,69.18,175.11
1,71.23,240.10
1,66.47,173.46
2,65.81,115.59
2,64.25,142.57
1,71.68,155.71
2,64.17,145.37
2,62.14,150.82
2,67.70,182.94
2,61.94,106.97
2,61.62,149.46
2,63.14,160.17
1,67.41,208.89
2,61.83,169.95
1,69.26,170.14
1,73.26,199.88
2,66.38,134.85
2,66.31,209.33
1,70.23,197.98
2,61.39,126.82
1,67.71,264.72
1,67.84,180.14
2,63.43,151.57
2,65.12,147.98
2,64.40,134.63
1,67.71,186.87
1,78.63,160.82
2,67.48,233.16
2,65.98,175.17
2,59.85,109.82
1,68.23,181.89
2,69.57,214.40
2,62.84,121.49
2,63.17,146.24
1,70.20,195.39
1,61.76,191.74
1,69.27,231.75
1,67.21,163.52
2,66.48,190.35
2,59.09,148.30
2,66.89,165.60
2,64.88,126.91
2,68.46,181.62
1,63.29,167.51
1,71.36,197.82
1,67.96,177.48
2,66.81,190.02
2,72.36,168.58
1,74.45,163.41
2,57.06,101.39
2,63.34,128.31
1,70.16,179.83
2,63.12,124.96
2,64.66,198.42
1,67.72,177.05
1,64.65,186.80
2,66.82,138.11
2,63.98,219.46
2,61.47,169.66
1,73.10,240.51
2,61.82,177.41
1,72.63,177.95
2,61.43,138.46
2,68.12,159.85
2,61.68,131.75
1,64.12,168.79
2,64.02,146.92
2,64.40,115.34
2,70.23,179.80
2,67.00,159.59
1,74.66,208.58
2,59.29,208.22
1,70.11,199.57
1,67.17,188.24
2,65.38,152.01
1,68.11,208.67
1,65.57,157.68
1,70.61,226.12
1,78.02,186.10
2,67.96,181.05
1,75.64,187.05
1,71.12,178.41
1,69.82,178.82
2,64.01,155.73
2,66.66,203.05
1,69.18,209.62
2,63.32,201.92
2,65.80,121.63
1,72.58,210.17
1,73.15,205.97
1,70.62,179.79
1,75.10,230.57
2,61.44,126.24
1,69.82,181.01
1,66.48,186.84
1,73.02,192.84
1,73.30,236.62
2,62.34,128.36
1,65.27,161.25
2,64.53,145.76
1,65.64,163.75
1,72.79,208.39
2,65.44,154.54
2,64.02,164.25
2,62.47,120.12
1,70.53,175.02
1,71.84,216.91
2,66.06,173.71
2,68.96,175.48
1,68.06,170.96
2,69.40,149.99
1,66.13,188.04
1,68.07,143.10
2,61.11,138.99
1,75.17,255.72
2,62.44,167.15
1,63.33,180.51
1,69.62,183.15
1,75.11,178.58
2,61.39,256.68
1,71.20,167.88
2,63.75,135.88
2,67.70,220.23
2,66.33,141.36
2,64.29,130.77
2,58.47,211.43
2,63.91,108.62
2,66.53,113.31
2,62.69,190.07
1,74.42,249.05
2,66.52,198.53
1,67.15,128.69
2,62.18,129.16
2,64.97,139.46
2,68.98,161.28
2,65.77,107.11
2,66.93,186.58
2,67.04,193.06
1,70.78,213.17
2,59.64,191.56
1,63.97,169.14
1,70.67,144.22
1,68.54,190.59
2,61.50,119.58
1,73.93,185.15
2,58.62,140.61
2,66.36,197.97
2,62.74,144.10
2,66.71,138.86
2,62.08,221.76
1,75.43,169.05
1,72.81,184.94
1,66.59,194.15
1,74.74,221.94
1,64.23,138.51
1,65.63,250.82
2,65.36,170.21
1,66.74,156.27
1,72.32,187.24
1,71.43,165.66
1,72.39,191.64
2,66.42,139.59
1,68.39,159.25
2,65.37,151.52
1,68.86,184.29
1,65.69,191.62
2,72.11,131.77
1,67.69,200.03
1,72.56,172.98
2,61.32,147.88
2,61.50,123.56
2,68.66,156.19
2,62.94,180.28
2,65.10,107.05
1,73.00,159.48
2,63.03,125.11
1,67.50,160.59
2,58.74,211.48
1,73.65,176.63
2,63.43,193.80
2,67.16,151.24
2,61.82,148.24
2,60.51,160.29
2,64.47,177.30
2,62.40,125.53
1,68.66,143.10
1,74.21,197.27
2,62.55,118.82
2,62.61,129.08
1,66.47,146.37
2,64.21,179.44
2,65.81,143.56
2,65.70,190.70
1,72.51,213.84
2,61.73,169.86
2,67.42,173.92
2,59.26,140.05
1,73.88,202.65
2,65.85,126.74
2,60.94,154.97
2,63.85,173.07
1,65.65,148.69
2,60.84,123.90
1,68.31,147.46
1,72.76,279.24
2,62.95,149.92
2,64.34,178.27
2,65.25,139.27
2,69.65,223.80
1,69.24,147.82
1,70.14,181.28
2,62.26,160.44
2,65.03,188.44
2,60.48,196.61
2,62.85,178.25
2,65.94,122.53
2,64.30,124.06
2,67.61,250.76
1,69.05,199.71
1,63.30,164.69
1,67.14,130.64
2,62.21,120.21
2,62.90,133.45
1,71.59,261.45
2,59.61,147.04
2,64.60,109.00
1,72.13,203.57
2,63.73,168.84
1,67.54,168.39
1,72.27,209.40
2,68.41,153.70
1,67.87,167.40
1,71.70,250.04
1,72.54,200.23
2,67.00,258.68
2,64.48,217.28
2,63.43,139.73
2,66.42,207.86
1,71.34,173.97
1,74.18,223.98
2,62.10,111.61
1,74.34,234.13
2,70.60,170.21
2,66.38,250.99
2,67.29,143.75
2,66.79,172.75
2,60.80,250.77
2,63.39,136.62
2,61.06,141.47
2,65.24,188.37
2,62.64,140.47
1,66.67,259.39
2,62.03,217.37
1,74.20,239.38
2,61.49,158.74
1,69.52,169.35
2,63.92,135.85
2,65.61,115.58
1,73.03,186.11
2,66.77,187.96
1,70.99,244.88
2,66.92,186.89
2,61.00,191.15
1,73.35,190.20
2,61.87,124.03
1,70.32,209.49
1,70.47,213.88
1,69.11,178.98
1,73.60,210.05
1,75.46,291.12
2,59.90,140.53
2,66.85,185.35
2,63.62,140.67
1,70.05,285.06
1,72.90,214.76
1,69.10,242.31
1,70.58,262.35
2,63.07,136.71
1,74.78,247.55
1,70.78,200.71
2,57.61,98.63
2,65.34,131.62
2,67.96,146.75
2,62.36,176.58
2,68.08,162.82
1,76.31,166.35
1,73.31,184.20
2,67.20,139.20
2,64.70,149.93
1,72.74,184.38
2,65.90,143.20
1,71.99,230.94
2,64.28,163.64
2,63.82,162.42
2,67.24,142.69
2,67.14,149.53
1,70.70,210.22
1,71.28,191.07
2,61.93,130.49
2,61.60,126.43
1,68.55,152.84
1,68.69,192.41
1,72.35,172.26
1,75.67,227.00
2,60.03,105.28
2,65.70,240.92
2,65.26,116.94
1,66.03,281.63
2,69.97,155.06
1,68.27,183.70
2,66.39,173.92
1,67.91,149.81
2,64.58,122.66
2,62.92,139.55
1,63.21,159.30
1,70.65,178.70
1,66.92,228.91
1,73.26,199.94
1,67.82,228.55
1,61.75,147.81
1,71.78,160.91
2,62.60,129.60
1,70.38,268.05
2,62.48,138.11
1,76.57,210.31
2,65.30,179.70
1,67.69,165.09
1,71.11,187.65
1,69.98,165.77
2,66.08,170.20
1,70.66,285.97
1,66.71,152.00
1,68.26,216.11
2,66.45,125.65
2,57.74,154.34
1,67.08,260.17
2,63.43,248.69
1,70.42,146.63
1,76.98,188.90
2,61.49,143.54
2,70.53,148.61
1,75.66,170.93
1,74.65,250.67
2,69.45,130.96
1,68.67,165.23
1,68.74,142.34
2,68.60,177.27
2,70.52,157.19
2,63.16,161.81
2,63.40,139.15
1,74.00,241.39
2,62.03,148.14
2,65.19,163.88
2,66.45,238.79
1,75.99,193.33
1,69.06,176.73
1,65.17,198.96
1,72.76,231.15
2,61.42,153.25
1,66.46,189.46
1,75.31,172.21
2,61.37,111.05
1,73.47,185.78
2,62.42,128.37
1,74.84,284.05
1,62.19,160.52
1,76.44,173.27
1,71.51,234.85
1,68.88,261.48
2,73.97,193.76
2,65.51,135.32
2,58.39,122.72
2,67.89,110.71
2,62.15,209.90
1,62.97,169.51
1,64.90,151.46
2,66.84,154.15
2,61.96,134.73
1,71.25,220.37
1,75.67,193.81
1,71.78,177.86
2,64.97,133.22
1,71.35,199.98
2,62.85,148.62
2,65.25,191.58
1,67.65,224.90
1,65.97,177.38
2,62.53,231.13
2,63.59,110.65
1,62.78,172.94
1,66.51,279.49
2,65.73,211.14
1,66.77,191.62
2,67.73,174.93
2,64.79,182.70
2,68.33,131.10
2,66.78,137.54
1,68.49,157.11
1,66.61,218.58
2,70.87,120.78
2,59.92,272.67
1,65.47,203.84
1,74.95,226.69
2,65.84,147.56
1,69.55,183.81
1,67.95,164.44
2,65.74,121.73
2,68.08,159.80
2,67.94,208.81
1,68.71,200.40
1,71.27,191.36
1,71.81,220.71
2,67.71,128.59
1,74.64,219.38
1,70.90,192.81
2,60.53,129.12
1,72.82,221.43
2,61.83,122.43
2,68.90,133.97
1,69.66,178.50
1,63.56,135.74
2,63.06,204.11
2,65.18,136.14
2,68.74,201.16
1,69.31,179.05
2,61.39,148.40
1,72.60,250.16
2,62.84,109.43
2,57.87,132.75
2,61.65,268.57
1,73.25,208.69
1,70.96,198.90
1,72.47,239.00
2,60.73,103.43
2,64.46,135.53
1,71.19,238.12
2,62.30,96.98
1,72.05,215.44
2,65.55,186.21
1,68.05,165.16
1,74.27,184.92
2,65.88,143.89
2,64.34,173.17
1,70.40,208.39
1,64.13,177.27
2,61.29,134.88
2,62.75,136.93
2,70.28,161.65
2,68.28,155.88
1,75.23,232.81
1,70.24,155.41
2,64.25,141.50
1,69.14,219.50
1,69.70,164.20
2,64.41,136.58
2,68.29,185.58
1,71.92,223.50
1,66.07,138.55
1,65.54,177.89
2,61.60,181.05
2,66.43,222.25
1,68.51,147.55
1,70.19,191.17
2,71.92,248.35
1,75.04,290.89
2,67.63,122.36
2,65.68,147.11
2,65.56,149.92
2,57.43,198.68
1,69.32,172.18
1,70.14,191.39
1,66.88,174.04
1,72.22,218.69
2,69.73,160.44
1,63.88,166.01
2,71.04,119.84
2,67.72,156.59
2,59.20,178.66
2,64.31,171.01
2,65.06,235.85
2,58.15,188.69
2,65.90,140.07
2,60.25,137.23
2,63.62,124.20
1,67.01,172.59
1,67.66,189.67
1,66.40,173.30
1,74.55,174.80
1,69.60,142.05
1,68.25,196.43
2,67.55,180.64
2,59.33,145.24
1,69.21,156.16
1,67.48,151.01
2,65.60,134.83
1,68.51,212.79
2,63.32,131.23
2,66.27,188.13
1,74.43,264.76
2,65.68,144.93
2,66.19,256.48
2,65.08,119.62
1,70.22,193.88
2,71.10,134.70
2,69.52,140.24
1,64.96,190.53
2,58.69,118.08
1,67.10,169.71
1,71.65,178.89
1,67.65,175.77
2,63.42,153.98
1,72.95,239.23
2,64.16,147.92
2,60.30,188.96
1,70.61,191.34
1,73.20,182.72
1,75.33,218.48
2,63.14,170.37
2,67.71,172.34
1,73.14,239.20
2,67.68,123.52
1,73.17,143.62
2,65.17,230.39
2,67.29,139.12
1,68.75,214.45
1,75.46,281.23
1,70.79,251.07
2,64.81,123.61
2,64.50,115.39
2,66.97,131.65
2,61.48,159.64
2,68.11,166.26
1,75.13,193.67
2,57.87,177.34
2,69.67,140.71
1,70.53,275.02
2,63.67,166.72
1,71.47,185.99
1,68.79,260.93
1,62.55,210.73
1,63.67,170.97
1,75.48,219.78
2,66.20,145.84
2,63.68,136.63
1,69.64,156.44
1,66.04,180.83
1,75.37,244.45
2,62.41,131.19
2,69.55,161.10
1,68.91,184.57
1,72.90,257.74
1,67.64,130.22
2,61.31,165.00
2,64.58,168.69
2,66.13,204.53
2,67.96,186.87
2,57.49,157.20
2,64.30,140.99
2,58.75,104.01
1,73.26,179.36
2,65.72,130.52
2,63.21,130.14
1,66.69,141.69
1,65.89,145.39
1,69.33,183.02
2,65.55,171.01
1,65.83,185.31
1,67.73,205.10
1,71.07,199.27
1,70.41,166.49
2,61.15,138.66
1,69.20,157.87
1,65.32,159.23
2,61.26,219.68
2,60.95,188.79
2,62.64,181.59
2,70.21,137.28
2,61.52,136.00
2,64.86,201.20
2,63.07,185.40
2,60.15,180.99
2,59.33,138.59
1,66.90,185.29
2,65.15,149.39
1,67.77,162.48
2,66.72,140.76
2,62.53,145.10
2,64.00,160.19
2,66.37,191.50
2,63.40,127.42
2,60.53,188.78
1,72.50,174.35
2,65.27,113.08
2,59.34,211.34
1,72.62,198.07
1,67.45,200.52
1,71.10,268.97
2,61.49,123.71
2,63.46,123.50
2,63.73,216.95
2,62.90,156.99
1,63.69,178.46
2,66.45,190.08
1,70.61,188.64
1,67.99,167.19
2,68.77,157.65
1,71.19,191.94
1,63.92,182.17
1,66.95,140.63
1,72.28,220.30
1,72.27,227.55
1,70.74,173.60
1,68.23,180.14
2,61.43,235.57
1,69.65,182.19
2,63.74,238.61
2,63.10,123.48
2,69.37,165.06
1,65.93,176.84
2,67.45,109.40
2,58.16,97.23
1,70.97,219.99
2,63.19,155.06
1,68.73,190.55
2,64.40,177.36
2,70.78,194.64
2,66.44,130.46
2,62.03,118.20
2,63.56,151.53
1,70.28,211.04
1,69.02,167.07
2,60.05,258.41
1,68.01,178.25
1,68.27,154.54
1,69.86,199.54
2,64.33,115.28
1,68.87,171.36
1,70.90,214.31
1,78.22,168.56
1,69.94,157.11
1,64.73,211.84
1,66.25,160.78
1,65.76,139.35
2,66.06,128.74
2,63.90,134.62
1,73.21,211.13
1,72.50,228.73
2,64.24,129.97
1,72.62,204.23
1,68.61,156.33
2,65.92,198.81
2,64.56,158.88
2,65.08,142.58
1,72.58,211.30
2,69.47,138.06
1,69.92,200.79
2,66.08,125.41
1,76.36,169.81
2,62.32,171.54
2,65.31,117.87
2,64.81,140.11
1,71.29,194.43
1,68.76,173.04
2,60.70,188.40
1,72.54,231.19
1,70.04,157.03
1,69.16,144.88
2,64.85,157.54
2,60.92,160.51
2,65.97,149.15
1,65.64,204.08
2,70.92,148.34
2,67.66,202.30
2,65.64,167.48
2,63.78,190.49
2,58.49,174.73
2,67.86,133.55
2,69.82,167.66
1,69.44,204.33
2,60.35,139.85
2,64.17,148.97
2,61.54,121.85
2,65.15,172.90
1,70.17,191.83
1,72.11,192.50
2,68.53,200.59
1,72.46,159.43
1,67.76,171.06
2,64.98,170.76
1,69.73,215.80
1,68.92,152.60
1,72.77,201.56
2,61.61,144.01
2,63.39,136.39
2,60.55,179.50
1,73.59,252.55
1,65.11,126.90
2,68.09,136.46
2,69.34,201.10
2,59.78,165.86
2,65.08,184.65
1,62.90,147.16
1,65.88,198.67
1,66.16,164.20
2,69.12,140.75
2,60.29,129.55
2,66.90,149.14
2,61.63,178.42
1,75.93,184.07
1,64.39,160.32
1,70.80,191.04
2,59.18,137.97
2,71.02,186.56
2,61.20,118.16
1,70.80,149.85
1,69.99,230.56
2,70.18,157.61
2,68.68,131.86
2,67.54,130.39
1,68.48,200.06
2,71.74,146.31
2,60.68,107.14
2,68.29,161.94
2,61.33,129.54
2,62.70,195.16
2,61.42,197.14
2,60.15,126.70
2,66.60,210.35
1,66.43,267.53
2,60.58,206.86
1,65.74,204.61
2,63.34,163.84
2,67.03,179.43
2,65.34,176.78
2,67.16,169.83
2,68.05,136.31
1,69.78,211.42
2,60.58,157.37
1,69.68,182.98
1,69.22,192.68
1,68.52,172.43
2,58.53,125.14
2,63.71,185.76
2,62.68,135.50
2,61.44,133.38
2,60.51,130.34
1,69.69,169.05
1,74.30,192.44
1,68.23,182.97
1,72.55,264.92
1,70.81,245.64
2,60.12,131.76
2,63.50,129.64
1,68.30,159.92
2,62.10,233.09
2,66.46,159.12
1,67.12,200.51
1,68.01,165.21
2,67.59,131.00
1,71.28,150.67
2,64.40,222.66
1,72.48,176.95
2,71.70,145.55
2,59.28,218.03
1,78.18,241.40
2,63.73,214.58
1,66.13,166.16
2,65.19,129.86
2,65.81,168.02
1,69.00,259.54
2,68.44,121.71
2,65.63,214.96
2,67.40,119.95
1,73.82,167.86
2,63.61,110.58
1,71.71,160.25
1,73.93,178.52
2,65.21,191.93
2,68.52,170.12
2,62.39,170.82
1,68.91,183.74
1,73.15,269.34
1,65.64,239.54
1,72.90,142.98
2,63.58,137.72
1,71.47,158.73
2,59.54,182.45
1,75.44,238.75
2,63.58,183.51
2,66.43,122.16
1,67.58,189.77
2,67.61,229.67
2,70.91,118.32
1,71.59,184.75
1,71.07,220.19
2,61.68,120.32
2,61.83,120.99
1,64.16,139.40
2,64.01,140.48
1,70.33,189.62
2,66.77,204.70
2,62.34,164.76
2,65.59,137.09
1,72.04,250.08
2,64.23,150.29
1,71.35,185.43
1,75.70,241.58
2,66.31,151.06
1,67.81,181.03
2,65.90,124.12
2,63.12,119.87
2,60.42,109.38
2,67.07,224.67
2,63.51,141.00
1,67.12,155.55
1,75.77,230.62
2,63.21,169.34
1,75.77,233.72
1,69.01,165.99
2,66.06,159.52
1,69.74,203.21
2,66.05,198.15
2,63.33,119.05
1,72.19,180.26
2,69.52,129.69
1,70.40,159.36
2,61.33,124.43
1,69.30,173.06
2,65.51,170.62
1,72.21,170.70
1,66.66,190.91
2,64.61,163.47
2,62.11,188.01
2,65.92,148.88
2,65.58,156.52
1,72.73,215.88
2,65.90,123.65
1,72.13,157.36
1,67.64,158.99
2,63.16,134.92
2,73.28,165.46
1,74.45,193.43
2,63.92,117.06
1,72.11,178.06
1,72.49,189.34
2,60.91,178.76
1,79.13,212.57
1,68.69,220.08
1,74.95,211.76
2,61.37,134.55
2,59.25,112.60
1,64.25,164.49
2,64.61,148.72
1,72.22,183.15
2,64.42,168.65
1,70.09,172.92
2,59.70,116.34
2,66.33,124.21
2,62.53,161.05
2,64.70,141.25
1,62.67,184.74
2,61.44,124.79
1,67.40,169.67
1,68.90,166.50
1,69.70,177.45
2,61.99,161.66
1,63.12,174.31
1,69.68,179.01
1,71.72,196.90
2,63.12,135.29
2,71.69,218.48
2,61.33,133.79
2,68.14,175.38
1,71.50,195.10
1,67.64,189.18
1,70.92,163.07
1,75.76,173.57
2,64.73,154.49
1,66.40,193.70
1,69.45,178.24
2,60.92,160.87
2,61.73,109.87
2,64.66,148.21
2,63.89,169.17
1,73.01,188.28
1,67.88,185.41
2,62.42,171.04
1,63.38,212.53
2,67.66,131.86
2,60.66,167.90
2,66.36,134.38
2,62.81,177.01
2,60.27,118.94
2,65.26,149.67
2,63.28,225.24
1,73.75,236.60
2,63.73,130.87
1,67.57,178.69
1,65.39,219.81
1,74.12,226.17
2,64.14,138.03
2,62.33,129.37
2,71.80,202.95
2,67.83,167.56
2,67.35,180.15
2,69.13,150.87
2,62.32,185.80
1,70.52,170.45
1,68.36,185.18
1,67.12,245.88
2,61.25,157.41
2,66.99,145.46
2,57.22,110.45
2,65.19,201.75
2,68.93,158.60
1,67.83,230.97
2,63.47,141.01
2,61.79,225.49
1,71.32,189.00
1,72.07,200.50
2,62.60,144.55
1,72.19,201.29
1,67.45,172.73
2,64.05,169.88
2,70.30,142.71
1,71.69,177.50
1,64.88,159.05
1,73.03,201.32
2,63.80,126.74
2,60.76,119.72
1,72.21,228.97
1,74.36,165.33
1,71.22,168.07
2,63.18,159.03
2,63.96,159.86
1,72.43,186.47
2,63.27,193.86
1,65.99,217.45
1,64.21,152.04
2,61.66,161.13
1,72.67,156.62
2,68.12,179.41
1,70.88,223.73
2,66.37,159.32
2,65.15,218.96
2,66.56,144.75
1,68.97,175.69
1,63.35,136.19
2,58.76,226.25
2,67.54,158.24
1,69.90,182.60
1,72.54,204.70
2,62.40,240.42
2,64.95,161.19
1,71.59,178.06
2,65.18,111.72
2,68.93,146.23
1,70.62,284.91
2,61.22,138.24
1,66.25,140.80
2,65.87,144.35
1,66.30,174.39
2,64.65,101.87
1,69.97,181.11
2,63.09,166.74
1,66.63,212.70
2,61.34,210.49
2,60.28,136.14
2,63.82,129.79
1,76.02,207.44
1,60.50,149.67
1,72.85,239.25
2,62.63,125.55
1,66.42,216.13
1,72.78,206.01
1,69.83,180.97
2,66.10,190.09
2,63.13,142.00
2,62.76,176.83
1,69.09,167.26
2,63.26,158.20
1,68.78,201.64
2,64.39,160.06
1,71.77,247.21
2,67.18,134.78
1,70.40,205.93
1,69.10,224.50
2,61.79,148.77
2,61.06,151.01
2,64.23,140.02
2,70.70,155.20
1,68.94,142.80
1,76.74,220.73
2,63.42,112.92
2,71.12,125.34
1,71.51,198.67
2,66.18,155.51
1,68.51,192.90
1,71.03,144.65
2,64.96,125.47
1,63.96,152.23
2,66.32,130.97
1,67.28,172.41
2,60.96,196.64
1,69.41,158.73
2,62.27,120.06
1,71.69,172.65
1,69.32,180.99
2,69.98,183.84
2,63.37,247.73
2,65.60,109.79
1,64.36,184.55
2,66.75,160.31
2,65.58,164.47
2,67.82,178.40
2,64.36,126.09
1,77.25,202.22
2,59.62,119.83
2,63.06,131.84
2,58.67,159.43
1,65.80,165.36
1,66.47,162.88
2,65.70,128.33
1,75.40,181.87
2,64.55,210.95
2,65.92,274.19
1,71.21,207.52
2,66.84,197.49
2,70.85,219.80
1,77.07,210.05
1,67.59,151.46
2,62.70,102.25
2,59.47,138.77
1,70.63,190.91
2,64.89,132.80
2,67.25,177.32
1,67.66,192.67
1,72.11,194.11
2,67.92,222.18
2,62.08,121.52
2,65.85,114.65
2,64.26,202.66
2,68.64,138.69
1,70.30,204.07
2,65.22,169.29
1,67.37,159.74
1,70.16,175.28
1,73.64,188.22
1,71.95,188.50
2,66.01,120.29
2,63.58,234.21
2,61.36,253.40
2,59.53,114.48
2,59.40,210.14
2,62.28,128.75
2,60.01,131.00
1,72.63,263.70
2,58.72,154.94
2,57.61,123.53
1,65.89,151.25
2,64.20,231.27
2,66.60,144.55
1,68.83,159.77
2,64.13,166.24
2,65.49,109.51
2,68.17,182.70
2,61.34,159.34
1,69.33,142.51
2,64.52,140.31
2,62.50,140.83
1,69.69,184.17
2,66.88,239.45
2,58.01,225.81
2,67.57,126.45
2,65.94,162.50
1,74.39,293.93
1,65.31,202.81
2,64.61,158.83
1,75.90,203.87
2,69.30,130.81
1,74.41,197.49
2,67.52,131.44
2,68.07,131.29
1,72.74,203.28
1,65.53,194.19
2,61.14,192.40
1,70.09,196.29
2,60.67,106.66
2,59.95,143.39
2,64.90,221.23
1,73.78,185.56
1,71.19,168.54
1,72.47,195.00
1,75.03,163.53
1,68.60,161.18
2,58.68,109.42
2,67.21,139.15
2,65.54,119.08
2,63.96,156.61
2,66.55,201.29
2,59.62,142.09
2,61.80,231.31
2,65.77,172.30
1,63.43,176.68
2,59.94,217.95
2,66.58,218.01
2,63.55,144.44
2,62.50,129.82
1,68.50,139.11
1,69.47,192.74
1,62.33,172.76
2,58.98,250.53
2,72.91,231.79
2,65.20,169.09
2,61.46,149.46
2,57.34,128.07
2,62.97,145.56
1,68.07,175.64
2,67.84,248.92
2,62.87,149.04
2,66.46,172.91
1,72.38,199.46
2,70.29,127.03
2,63.73,169.20
1,68.87,180.65
2,67.85,159.95
1,74.52,250.58
1,71.22,152.32
2,61.33,140.08
1,72.36,177.95
2,63.66,118.50
2,66.58,185.09
1,65.60,169.11
1,70.55,202.41
2,67.57,151.15
2,66.62,133.55
2,68.39,198.02
1,69.40,180.54
2,68.03,191.56
2,65.02,139.28
1,69.07,174.78
2,61.01,117.83
2,61.15,133.35
2,60.98,109.58
1,63.36,140.71
1,75.05,226.36
1,63.61,137.52
2,61.39,248.03
1,78.00,276.27
2,63.73,157.15
1,68.90,158.68
1,67.97,178.40
1,69.35,187.15
1,72.39,181.01
2,62.13,201.48
1,65.31,161.95
1,74.35,280.27
2,60.05,169.04
2,69.10,128.71
2,62.65,163.05
1,66.49,201.57
1,65.90,209.04
2,66.91,138.28
1,67.74,188.69
1,71.37,140.75
1,67.44,160.85
2,65.77,156.85
1,68.55,190.55
2,65.86,148.55
2,61.62,110.29
2,60.54,123.10
2,64.99,257.68
2,67.46,144.46
2,58.36,128.66
2,57.62,108.02
2,56.57,125.71
1,67.50,134.36
1,71.33,219.08
2,59.10,230.33
1,72.01,249.55
2,63.95,176.55
2,66.48,122.36
1,73.34,170.36
2,62.91,115.17
1,70.90,210.64
1,68.00,175.90
2,68.65,160.16
1,77.89,220.78
1,69.05,198.07
2,63.90,137.82
1,64.39,249.28
2,66.64,150.36
2,65.31,172.44
2,62.14,144.64
2,66.57,190.19
1,71.62,183.83
1,66.18,193.95
1,74.41,169.79
2,69.81,196.42
1,72.38,219.33
1,72.88,265.91
2,61.32,156.44
2,65.75,155.65
1,73.44,228.99
1,68.17,199.27
1,68.59,159.34
2,67.61,208.91
1,66.87,166.17
2,65.06,129.48
1,70.34,179.44
2,62.54,168.32
2,63.77,119.06
1,69.17,207.74
1,68.06,244.19
1,72.87,178.34
2,63.10,184.90
1,64.23,153.35
2,64.11,170.69
2,60.08,108.70
2,63.40,119.98
1,66.61,165.58
2,64.87,226.33
1,69.25,190.52
2,65.76,140.38
2,65.31,265.30
2,64.60,130.03
1,71.83,249.42
2,67.28,135.20
2,65.63,160.58
1,74.12,169.85
1,73.63,217.58
2,63.09,126.70
2,65.71,150.34
2,62.19,192.05
2,66.33,189.32
2,67.67,190.35
2,64.33,175.22
1,66.60,213.10
2,69.57,171.35
1,74.94,230.94
2,65.22,124.81
1,65.72,160.52
1,72.64,200.69
2,64.48,149.71
1,67.00,181.36
1,73.33,218.72
1,68.37,192.51
1,73.61,160.41
1,73.77,233.12
2,64.75,208.80
2,63.96,201.39
2,67.09,169.24
1,68.10,164.38
1,69.10,186.98
1,69.82,191.15
2,61.79,175.43
2,71.57,159.51
1,57.15,190.83
2,63.49,128.69
1,70.50,185.57
2,61.93,115.73
2,62.48,154.62
2,62.59,193.98
1,69.17,201.59
1,73.16,170.06
2,66.55,101.33
1,73.50,157.78
1,71.60,198.14
1,69.19,161.39
2,61.13,163.25
1,68.94,193.12
1,67.18,188.13
1,73.23,249.67
1,72.22,177.92
1,69.91,169.28
2,62.71,132.60
2,67.90,187.58
2,66.36,129.86
2,65.69,149.37
1,73.30,233.14
2,63.74,205.54
1,73.52,183.90
1,77.62,210.35
2,66.54,230.45
1,67.62,181.33
1,70.25,176.04
2,65.21,264.78
1,71.36,251.20
1,71.95,200.14
1,71.58,293.79
1,70.65,229.69
2,59.02,140.57
1,66.10,149.24
2,61.19,102.83
2,58.59,160.44
2,61.91,168.06
2,60.59,161.18
1,68.73,189.60
2,68.55,166.21
2,68.36,249.40
2,61.37,176.95
1,71.00,219.99
1,72.67,183.01
1,68.67,162.98
1,76.28,211.76
1,65.29,148.91
1,72.79,246.73
1,68.24,146.22
2,62.53,127.41
2,63.06,119.45
2,71.42,184.50
2,65.77,142.48
1,68.84,149.17
1,63.24,174.70
1,73.13,162.01
1,76.78,276.37
2,65.21,209.95
1,72.31,195.19
1,74.45,174.87
2,62.52,127.57
2,61.49,113.33
1,67.78,163.22
2,65.38,139.48
1,65.54,173.25
2,66.36,167.95
2,66.23,166.37
2,59.68,231.58
2,64.60,162.58
2,60.06,151.28
2,64.77,124.76
2,63.67,131.40
1,64.79,155.35
1,74.45,231.07
2,62.78,160.83
2,62.92,137.33
2,64.72,178.80
2,61.38,216.27
2,66.41,141.37
2,64.90,165.36
2,70.37,175.81
2,66.88,150.37
1,66.00,166.73
2,68.47,187.79
2,60.79,151.22
1,67.40,176.03
2,62.28,176.91
2,62.46,149.44
2,66.32,188.25
1,64.03,170.45
2,68.52,138.78
1,66.95,190.38
1,72.49,185.62
2,69.42,144.98
2,69.57,233.02
1,76.50,155.09
1,66.52,175.80
2,62.75,124.32
1,71.84,208.96
1,66.07,210.48
1,75.16,217.61
2,63.86,168.01
1,69.33,165.32
2,67.72,152.98
1,72.06,182.37
1,71.29,203.85
2,62.34,114.91
2,65.68,119.37
1,72.40,292.69
2,69.94,130.92
2,66.06,120.81
1,67.84,208.21
2,64.30,125.21
1,68.22,151.88
2,65.56,114.01
2,69.18,143.11
2,68.53,249.27
1,74.51,184.95
2,60.57,149.13
2,64.01,170.68
2,66.87,145.88
1,69.56,214.90
1,75.72,226.11
1,72.71,210.84
2,68.41,136.98
1,74.84,164.43
1,67.60,140.18
2,68.08,191.21
1,68.85,232.24
1,67.50,151.15
2,65.41,156.33
1,62.27,164.99
2,64.60,126.61
2,70.66,128.85
2,61.61,173.40
1,75.91,253.97
2,63.19,111.18
2,64.26,200.54
2,66.48,133.67
1,66.94,154.41
2,68.78,131.55
2,69.25,235.20
1,70.44,164.42
2,65.61,177.83
1,66.67,177.88
2,63.11,160.38
1,64.74,184.09
1,72.26,208.05
2,65.11,184.76
2,59.01,144.61
1,67.29,250.77
2,66.02,172.84
2,65.05,157.91
2,64.42,159.60
1,64.53,202.90
2,67.43,144.62
2,62.28,111.35
1,65.27,181.71
1,69.33,204.97
2,64.85,169.51
1,67.74,209.37
2,61.80,159.92
1,66.13,172.01
1,68.40,238.32
1,70.50,159.61
1,72.42,196.01
2,68.03,193.82
2,63.41,123.67
2,58.22,166.40
1,68.70,201.38
2,65.60,112.36
2,61.08,175.85
2,62.55,162.01
2,61.48,151.75
2,70.11,189.75
1,68.91,179.93
2,67.44,169.66
1,73.18,221.64
2,64.11,170.10
2,63.60,129.54
1,73.04,200.00
1,65.66,247.84
2,64.29,150.89
1,70.82,233.63
2,70.49,178.28
2,58.11,189.11
1,70.82,184.82
2,59.89,114.57
1,69.55,186.96
2,60.70,131.80
2,62.76,138.98
1,71.45,179.06
1,66.45,231.81
2,64.28,117.87
2,63.49,183.88
2,66.60,140.02
1,73.26,136.65
2,61.22,230.62
2,61.15,150.73
2,56.42,151.16
2,61.53,131.25
1,68.65,234.18
2,67.31,156.96
1,68.07,176.00
2,64.64,128.75
1,70.49,186.14
1,68.92,178.56
1,69.32,159.87
1,67.16,134.90
2,63.16,133.46
2,62.54,132.56
2,69.48,169.79
2,62.99,110.38
2,61.97,172.89
1,67.67,165.70
2,61.84,158.77
2,66.61,164.39
1,67.52,185.98
2,63.09,115.17
2,68.54,130.04
2,66.50,167.11
1,72.65,203.12
2,65.30,160.21
2,66.42,127.10
2,62.60,140.54
1,72.03,248.91
1,67.53,176.67
2,60.80,128.68
1,73.56,164.29
2,63.69,169.02
1,70.84,187.87
1,67.99,160.43
2,61.85,183.11
2,62.58,134.56
2,68.83,162.31
2,65.04,160.90
1,75.72,218.96
2,64.65,135.98
2,63.32,258.63
2,68.88,151.75
2,62.37,150.07
2,69.95,167.29
2,65.98,118.67
1,69.03,179.49
2,61.88,269.81
2,64.53,200.25
1,68.64,174.87
1,66.30,185.48
1,67.87,135.73
1,69.67,166.46
2,63.39,152.31
2,61.63,201.52
1,66.80,137.06
2,58.94,177.85
2,63.66,158.66
1,65.99,202.53
2,64.01,157.83
1,75.04,209.29
2,64.43,200.58
2,67.56,124.22
1,73.45,280.86
1,74.27,276.25
1,78.62,221.25
2,65.84,129.26
2,71.97,244.29
2,67.44,140.27
2,69.59,193.26
2,64.87,99.77
2,71.31,183.53
1,68.00,176.28
2,66.79,138.97
2,68.73,211.24
2,65.10,112.68
2,63.07,129.65
1,68.78,146.39
2,63.86,137.86
1,74.44,289.28
1,66.01,171.05
1,71.11,255.83
1,66.11,227.84
2,63.59,130.26
2,70.66,148.97
2,66.91,200.25
2,66.68,260.23
1,69.20,193.29
1,79.17,188.48
1,69.18,176.19
2,63.84,219.57
1,71.15,200.86
1,71.89,169.46
1,70.86,183.34
1,75.99,159.19
2,66.02,170.80
2,68.54,134.22
1,71.02,222.87
2,62.49,108.60
2,69.04,145.31
2,59.55,122.77
2,58.83,191.45
1,70.88,202.39
2,63.67,209.58
2,68.57,130.61
2,68.66,162.47
1,70.81,223.44
2,58.63,111.87
2,68.34,130.82
1,70.19,226.68
2,66.28,147.31
1,67.81,224.89
1,71.65,198.55
2,65.38,162.74
1,64.10,159.56
2,67.32,220.77
2,63.56,140.71
1,72.68,177.67
1,76.72,238.00
2,63.07,143.82
1,62.61,196.26
1,68.77,227.18
1,69.47,265.63
1,68.43,209.75
2,60.17,142.72
1,67.66,240.23
1,71.24,145.12
2,63.63,120.42
2,63.60,149.96
2,63.76,149.17
1,72.38,219.83
2,65.65,192.26
1,75.13,201.00
2,56.18,159.38
2,61.73,161.39
1,70.75,190.84
1,64.87,181.96
2,67.52,143.24
2,69.03,157.58
1,63.28,159.62
2,69.34,141.83
2,59.24,121.96
1,64.19,148.93
2,74.22,156.22
2,59.68,190.51
1,68.75,251.28
2,60.05,177.30
2,68.75,142.35
2,58.42,128.44
1,69.27,175.49
2,59.48,107.17
1,70.06,177.81
1,73.91,197.09
2,68.75,143.68
2,72.29,210.04
2,64.00,170.29
2,61.00,211.23
1,73.87,245.76
1,68.24,180.64
1,67.81,181.40
2,63.69,118.99
1,67.61,179.12
2,66.23,163.18
1,70.32,176.25
1,66.29,171.93
1,75.30,229.88
1,73.86,216.27
2,70.99,164.66
2,63.04,141.10
2,57.76,107.07
2,60.04,134.76
1,69.88,191.55
2,62.20,126.43
1,67.25,166.24
1,67.31,289.12
1,69.05,179.05
1,70.82,205.46
1,78.75,181.61
2,64.22,202.19
1,66.33,224.58
1,68.41,216.93
1,71.74,154.93
2,66.75,130.13
2,58.48,141.55
2,66.61,239.09
2,61.45,158.63
1,65.39,170.86
2,61.89,110.34
1,64.34,195.35
1,79.00,232.94
1,67.45,175.63
2,62.55,142.84
1,61.34,143.09
1,69.92,235.97
1,73.21,243.08
1,75.62,182.14
2,69.35,212.56
2,66.48,183.51
2,67.86,183.08
2,65.52,186.82
1,68.82,175.29
2,56.31,186.62
2,69.70,128.53
1,68.62,174.69
1,67.93,146.38
2,58.55,146.42
2,67.71,191.39
2,60.57,184.23
1,70.92,223.86
2,60.70,118.11
1,71.44,158.66
1,74.71,252.17
2,65.26,144.35
2,65.82,149.22
2,62.02,142.68
1,72.13,195.01
2,60.84,117.98
1,71.57,144.06
1,64.38,140.11
1,66.82,172.44
2,60.21,168.26
2,66.17,182.90
1,70.87,189.41
2,65.64,145.99
1,76.75,248.42
2,64.83,228.39
2,62.57,215.44
2,63.11,163.28
1,68.52,176.63
2,60.49,197.95
2,61.62,133.85
2,64.81,147.92
1,72.52,180.20
1,71.91,210.50
1,63.62,159.05
1,65.59,232.08
2,63.87,145.61
2,61.17,152.29
1,68.69,144.07
2,70.73,153.97
1,74.46,162.99
2,62.47,106.21
2,62.31,152.32
1,70.10,159.58
2,66.72,125.00
1,68.31,180.81
2,63.04,180.15
2,59.64,124.48
2,60.63,161.10
2,60.16,126.87
2,62.78,127.19
2,64.14,125.96
1,72.99,168.17
1,69.61,179.56
2,59.74,161.88
1,70.68,174.47
2,60.38,139.76
2,67.50,153.93
2,57.33,156.54
1,66.74,185.70
1,66.32,145.52
1,69.95,184.08
2,60.81,159.29
1,69.17,156.02
1,67.38,175.05
1,70.30,282.33
1,69.68,258.77
1,70.38,167.02
2,66.56,201.32
1,68.38,196.42
2,64.88,173.77
2,58.25,165.26
1,62.30,161.27
2,58.18,124.44
1,75.76,174.81
1,65.83,202.26
2,61.99,110.37
1,68.74,140.06
2,64.81,123.95
2,70.67,126.44
1,71.14,187.63
2,64.69,129.25
2,62.59,249.76
1,73.70,182.05
2,59.93,183.07
2,59.95,134.32
2,64.23,139.85
1,73.57,223.22
1,67.14,146.43
2,66.72,166.44
1,67.81,217.46
1,70.70,207.16
1,65.64,171.34
2,59.02,156.29
1,78.21,233.02
2,61.50,183.11
2,61.54,149.59
2,69.52,132.28
2,62.22,214.70
1,69.04,261.79
2,62.12,132.49
2,71.21,118.98
1,68.94,198.82
2,64.13,157.46
2,65.45,219.80
2,67.90,203.65
2,65.20,161.47
1,65.24,185.02
1,69.19,257.36
2,65.03,116.50
2,67.05,218.12
2,64.72,259.26
2,66.38,126.02
1,67.87,216.38
2,64.80,111.09
2,67.06,142.74
1,75.93,226.61
1,71.12,239.09
2,66.09,176.25
2,64.94,131.39
2,62.19,159.88
1,65.89,149.97
2,65.10,180.96
1,71.63,149.44
2,64.45,164.47
2,62.28,133.92
1,67.67,150.64
1,70.35,169.77
1,67.01,180.09
2,65.60,189.96
1,64.08,161.88
1,67.80,158.84
2,64.94,109.62
2,64.03,157.25
1,63.70,239.26
2,60.24,158.68
1,68.11,204.13
2,66.56,106.02
2,61.27,131.14
2,66.75,139.50
2,63.70,111.98
1,67.64,220.50
1,73.23,161.18
1,67.11,207.83
1,68.13,172.19
1,67.46,216.38
2,59.73,203.88
1,71.55,219.79
2,66.25,216.82
2,64.31,181.46
2,60.77,206.29
2,68.46,164.60
2,64.41,120.48
1,68.41,147.94
1,71.77,281.63
1,70.42,179.63
1,68.71,161.00
2,64.26,153.44
1,70.39,194.07
2,63.52,131.97
2,66.30,250.97
2,61.36,110.03
1,69.16,214.96
1,71.39,263.56
2,68.50,254.89
1,62.57,164.46
2,63.69,228.85
2,67.06,135.39
2,67.42,148.85
2,61.10,198.69
1,68.08,176.10
2,69.31,193.49
2,63.88,166.18
1,74.29,180.79
2,67.08,168.22
2,67.32,135.87
2,63.21,127.14
1,68.61,200.17
2,62.45,121.83
1,68.94,177.67
1,66.33,184.68
2,66.97,164.54
2,63.13,158.97
1,64.99,147.13
2,62.56,156.88
1,76.95,170.77
1,65.71,148.13
2,63.72,137.79
2,60.78,211.34
2,64.73,169.07
2,68.00,181.81
2,69.31,179.72
2,63.48,195.86
1,72.98,295.29
1,63.73,170.53
1,70.51,208.58
1,67.55,164.79
1,70.50,248.72
1,74.30,211.24
2,61.58,150.69
2,63.28,118.19
2,60.93,117.05
1,71.12,199.21
2,63.22,201.12
2,62.92,171.12
2,58.47,142.12
2,64.94,120.67
1,70.87,162.93
2,65.21,165.56
2,68.39,169.33
1,65.54,165.78
2,63.51,144.98
1,64.22,150.73
2,64.99,157.20
1,71.30,170.51
2,61.44,139.99
1,71.51,186.71
2,66.97,131.89
1,63.84,177.82
2,65.46,151.75
1,72.77,152.65
1,73.29,250.70
1,65.76,228.84
1,66.33,185.33
1,69.02,286.00
2,65.57,123.09
1,69.77,181.75
1,70.22,186.10
1,70.12,172.52
2,66.44,123.22
1,72.28,222.19
2,66.31,188.83
2,67.88,137.02
1,73.49,178.87
1,65.01,141.82
2,58.54,114.35
1,66.86,179.34
1,68.41,202.39
1,67.32,210.78
1,73.27,240.30
1,71.17,197.64
2,67.61,200.88
2,66.29,150.41
2,67.98,140.10
2,65.94,271.09
2,60.92,163.12
1,72.04,227.10
1,71.57,239.84
1,68.16,226.53
2,70.58,202.13
2,65.50,176.01
1,70.88,194.04
2,64.21,125.35
2,57.94,105.75
2,62.41,136.52
1,71.83,284.10
2,65.66,140.74
1,65.83,281.37
2,63.20,150.04
1,74.36,249.40
1,72.79,223.64
1,70.96,179.27
1,68.05,167.27
2,59.85,163.30
1,70.03,195.30
1,64.57,273.76
2,67.38,140.11
2,66.59,133.53
2,62.56,109.09
1,72.61,244.49
1,70.08,199.32
2,65.77,110.79
2,63.84,159.15
1,65.09,205.76
2,62.53,155.80
2,64.61,147.43
1,66.80,159.68
1,64.04,158.58
2,60.58,141.48
1,67.48,189.21
1,67.62,172.22
2,62.16,251.17
2,64.20,108.31
1,69.58,189.17
2,64.16,119.21
1,71.62,226.20
1,69.91,260.12
2,62.04,128.99
2,62.74,172.40
2,66.28,150.47
2,65.07,109.01
1,68.35,164.79
1,64.24,180.51
2,59.46,126.70
2,63.20,128.89
2,61.39,159.37
2,65.36,131.11
1,75.43,243.59
2,66.52,203.25
1,67.79,281.03
1,72.39,223.35
1,71.32,159.74
2,64.15,130.18
2,64.55,110.48
1,72.76,275.35
1,68.23,227.67
2,67.08,146.80
1,74.21,251.05
2,61.27,125.14
2,68.93,251.74
1,64.86,236.52
2,59.85,205.26
2,60.74,115.11
2,65.49,112.60
1,71.21,179.79
2,64.03,128.29
2,65.18,150.04
1,70.10,184.91
1,73.95,187.07
1,70.44,159.11
1,69.33,161.67
2,68.28,171.44
1,68.63,156.17
1,70.77,164.04
2,64.08,206.88
1,73.02,174.54
2,63.43,157.13
1,67.48,195.97
2,64.16,149.06
1,67.12,223.46
1,69.50,260.77
2,63.31,218.11
2,64.32,150.58
1,73.10,261.17
2,61.24,214.49
1,79.61,281.64
2,63.33,254.81
1,67.99,177.27
1,74.66,249.11
2,61.82,170.33
1,75.30,189.56
1,68.51,247.78
2,63.21,107.62
1,68.60,162.19
2,67.67,170.72
1,75.63,206.11
2,60.74,234.45
1,68.90,234.33
2,67.83,143.55
1,66.24,221.68
2,67.21,166.95
1,69.38,206.07
2,60.89,150.85
1,70.97,165.06
1,73.95,295.33
2,61.39,174.79
2,68.93,147.19
2,72.00,229.14
1,73.30,227.34
1,73.71,242.49
1,67.49,138.62
1,66.50,149.26
1,67.68,217.11
2,60.23,170.18
2,63.11,115.64
1,63.92,160.13
2,64.46,168.67
2,59.41,149.71
2,67.32,127.06
2,61.39,155.62
1,72.47,231.39
2,65.75,138.17
2,67.06,170.30
1,67.87,232.15
1,73.57,192.28
2,58.44,147.34
1,70.80,192.55
2,64.42,125.73
1,71.19,161.48
1,65.13,155.84
2,60.78,156.54
1,77.06,204.06
1,73.51,144.28
2,63.21,123.61
1,70.67,202.00
1,72.77,202.30
2,64.34,108.91
1,66.33,162.55
1,65.81,177.55
1,73.47,278.78
2,57.72,151.99
1,70.34,180.71
2,62.77,139.42
1,66.67,159.97
1,68.50,203.26
1,67.85,183.51
2,64.07,166.99
1,71.03,181.39
2,57.79,158.54
1,73.09,220.63
2,63.93,133.78
2,64.88,217.27
2,63.35,140.77
2,64.44,148.05
2,63.73,145.68
1,66.18,199.63
2,71.56,195.95
2,66.95,200.19
2,68.32,152.57
1,69.50,185.65
2,66.29,149.06
1,67.10,174.00
2,63.05,201.20
2,62.21,114.88
1,70.30,225.67
2,64.77,139.41
1,71.66,151.30
1,69.05,184.66
1,76.94,281.35
2,63.72,130.88
2,61.10,218.95
2,67.52,129.23
1,68.23,182.94
1,69.35,145.29
1,72.65,170.43
2,64.28,178.51
2,61.04,155.44
2,65.96,161.19
1,69.61,210.57
2,62.59,148.71
2,61.44,123.45
2,65.27,166.07
1,64.83,173.07
1,71.61,160.93
2,64.72,130.27
2,62.14,158.33
1,66.48,179.25
2,59.09,127.70
1,70.89,237.85
2,71.06,137.09
2,60.20,136.33
1,69.82,159.16
1,74.60,149.52
2,67.03,137.52
2,63.92,155.53
1,71.83,227.13
1,69.45,207.37
2,65.98,172.81
1,66.21,181.97
2,64.40,123.38
1,68.08,196.82
2,62.53,191.22
1,63.05,170.23
2,64.95,129.91
1,64.10,159.10
2,65.34,128.42
2,63.40,116.22
1,62.44,137.64
2,69.41,200.43
2,64.89,177.56
1,67.92,190.79
1,70.85,219.04
1,65.97,185.68
1,73.52,211.20
1,66.07,194.38
2,69.87,193.51
1,71.92,216.04
2,66.23,198.17
2,64.44,121.24
1,68.47,178.93
2,66.46,164.91
1,69.85,175.94
1,66.48,139.75
2,64.81,117.10
2,66.15,149.21
2,60.99,145.14
1,69.43,215.65
2,67.17,139.70
2,64.58,141.34
2,65.19,195.89
1,65.23,169.54
1,75.54,196.37
2,68.94,214.89
1,68.97,216.81
2,71.97,205.04
1,67.51,150.45
2,66.32,180.10
1,68.23,162.39
2,63.59,159.36
1,60.66,187.75
1,69.06,170.67
2,65.42,190.40
1,73.01,162.59
1,70.05,200.71
2,61.07,160.14
2,59.52,112.84
2,64.67,121.34
2,64.99,144.18
1,66.65,201.68
2,65.33,141.76
1,72.58,222.11
1,75.30,209.60
2,65.44,153.37
1,72.59,244.70
2,70.38,139.89
2,63.36,109.75
1,67.13,148.23
2,62.17,117.93
1,67.26,137.02
2,65.46,128.10
1,74.74,241.51
2,57.91,108.78
1,64.23,150.60
2,66.50,200.11
1,73.23,203.79
2,66.01,164.10
2,64.97,159.12
2,64.22,158.46
2,64.82,142.33
2,61.12,136.01
1,76.91,199.70
1,65.78,158.23
1,74.98,213.89
2,61.24,159.94
2,67.64,179.78
2,61.85,144.79
2,65.33,163.70
1,71.23,189.91
1,69.46,251.81
2,63.68,134.56
1,66.91,209.80
2,61.59,208.71
2,64.12,125.10
2,68.95,141.27
2,64.88,128.10
2,65.59,129.49
2,66.03,143.81
1,69.44,161.29
1,67.96,249.20
2,63.21,123.42
2,67.59,144.90
1,67.52,169.51
1,72.66,186.05
1,70.50,178.46
2,67.92,132.28
2,66.98,119.97
1,70.99,192.01
2,64.91,114.89
2,63.57,127.20
2,64.77,143.03
2,61.03,120.94
2,64.41,190.80
1,68.71,173.73
2,69.32,191.76
2,64.71,173.30
1,68.39,151.10
2,63.22,135.44
2,65.13,170.46
1,72.94,195.62
2,63.11,118.29
2,62.67,131.22
2,67.87,129.30
2,65.09,129.19
1,69.01,198.63
2,68.16,145.24
2,63.76,147.74
1,77.31,144.82
2,60.06,150.47
2,67.41,251.63
2,64.92,119.74
2,57.29,121.04
2,64.51,143.40
1,71.92,168.00
2,62.54,210.03
1,67.45,189.86
1,66.51,158.72
2,62.28,161.11
2,65.28,122.44
2,66.14,125.99
1,75.93,195.06
1,68.35,233.28
1,70.50,251.27
2,65.27,139.45
1,64.45,132.43
1,66.46,229.78
2,60.83,132.06
1,71.87,220.41
2,68.55,181.33
2,62.51,183.88
2,65.44,109.86
2,63.49,121.57
1,66.36,192.37
1,72.28,200.70
2,64.41,145.69
2,66.59,156.79
2,65.58,114.43
1,62.22,170.04
1,74.00,240.06
2,63.47,109.47
1,71.14,210.62
1,71.25,177.96
2,63.65,178.13
1,72.70,154.96
2,68.66,164.40
1,66.95,140.60
1,72.00,240.05
1,65.02,156.13
2,60.54,120.51
1,71.86,176.15
1,68.58,165.14
1,65.48,176.47
2,62.54,132.91
1,69.72,210.62
1,71.65,199.20
1,66.84,186.05
1,68.36,224.21
1,74.30,244.12
1,71.42,138.39
2,61.75,134.57
2,62.13,188.47
1,68.36,288.86
2,64.89,145.56
1,67.39,280.44
1,74.90,175.92
2,61.61,238.47
1,65.58,157.72
1,62.39,149.11
2,63.22,160.30
2,66.40,136.95
1,73.67,149.22
2,65.02,183.61
2,64.11,117.14
2,59.81,194.92
2,68.42,128.30
2,65.93,156.47
1,64.32,214.48
2,57.67,172.01
1,69.86,153.94
2,58.44,103.02
1,68.17,250.95
2,66.19,148.84
2,62.97,121.49
1,70.83,196.64
2,67.54,143.38
1,70.24,203.17
1,70.23,187.99
2,67.11,148.97
2,59.35,151.63
2,61.03,107.43
2,65.07,128.06
1,71.62,182.59
2,66.81,219.87
1,71.72,156.27
1,76.82,216.52
1,69.32,140.09
1,69.24,158.25
2,62.35,168.06
2,66.45,147.74
2,66.09,192.03
1,67.47,171.79
2,65.02,149.16
1,71.94,198.35
1,76.98,225.78
1,72.96,205.37
1,64.79,168.14
1,74.15,220.25
1,63.44,175.73
2,66.27,117.20
1,72.61,192.49
1,70.53,151.85
2,68.53,194.38
1,68.91,175.89
2,69.78,199.62
1,71.74,196.77
1,74.07,213.77
2,67.79,171.57
2,65.55,164.46
2,63.10,172.12
1,69.64,146.11
2,60.95,173.46
1,67.09,203.70
1,71.05,272.14
1,66.31,249.35
2,69.46,148.66
1,68.87,163.23
1,70.16,200.72
2,61.09,114.90
2,65.34,147.96
2,66.36,152.05
2,65.38,142.12
2,59.98,171.45
1,70.41,193.77
2,61.23,136.57
2,70.88,230.64
2,65.57,160.75
2,63.85,140.99
1,69.19,219.95
2,65.93,199.69
2,69.24,179.34
1,73.60,168.34
2,62.94,111.27
2,63.64,257.99
1,75.27,209.19
1,71.27,143.41
1,71.45,199.24
1,67.64,148.38
1,70.63,197.22
1,66.25,149.52
1,67.66,160.61
1,72.73,209.71
2,58.81,134.48
1,67.04,268.79
1,74.16,177.22
1,66.61,173.25
2,64.46,168.01
2,65.33,133.20
1,68.79,210.87
2,68.66,139.93
2,68.73,127.08
2,69.41,148.43
1,66.95,175.60
2,66.53,218.09
2,62.73,116.23
1,77.48,177.76
2,62.01,249.06
2,62.31,129.63
2,65.35,141.34
2,62.39,136.91
2,63.19,118.21
1,68.70,199.86
2,65.15,160.60
2,63.36,208.31
2,65.93,130.97
1,66.44,135.28
1,74.07,195.01
2,61.78,142.64
2,61.66,151.81
2,59.96,130.12
2,63.73,155.63
2,62.84,129.99
1,72.25,268.87
1,72.33,186.54
2,61.97,112.65
1,68.82,185.71
2,63.38,248.13
1,75.82,230.42
1,75.69,285.94
1,69.60,189.22
2,63.64,140.68
2,62.34,120.02
1,62.86,182.76
2,64.63,139.44
1,67.32,199.93
1,68.29,135.59
2,65.25,216.34
2,64.79,147.79
2,67.79,219.63
2,61.93,124.98
2,63.13,154.61
1,67.68,158.40
1,73.66,245.90
1,68.05,150.17
1,69.07,278.38
1,67.93,207.63
1,70.70,233.40
2,67.52,229.59
2,59.20,140.99
1,71.08,215.85
1,72.44,201.24
2,75.79,265.65
2,66.09,107.26
2,61.81,182.30
2,57.17,213.50
1,67.64,157.52
1,67.36,147.46
1,69.48,175.77
2,69.88,138.36
1,68.39,157.16
2,60.98,113.99
1,70.95,196.86
2,66.47,142.51
2,64.11,179.29
1,66.06,191.27
1,71.95,174.68
2,63.52,154.44
1,72.42,189.50
1,70.59,176.69
1,72.26,185.83
2,63.56,136.97
2,61.16,157.12
1,65.96,199.97
1,69.03,232.13
2,64.63,139.04
1,69.16,220.17
1,75.53,280.75
2,65.37,128.12
2,61.77,206.48
2,68.82,163.09
2,63.10,258.76
1,72.82,259.78
2,66.21,119.59
2,68.21,147.87
2,63.94,222.01
2,69.66,115.92
2,64.76,189.99
1,67.77,183.88
2,65.16,157.95
2,62.15,186.54
1,67.53,231.54
1,66.47,152.83
2,63.81,124.35
2,72.44,149.98
2,64.87,250.96
1,69.89,191.13
2,60.85,180.50
2,69.30,249.12
2,64.93,145.63
1,73.35,179.93
2,63.10,170.30
2,61.99,241.71
2,66.35,151.33
2,59.59,160.05
2,66.92,182.89
2,63.94,130.44
1,61.98,233.77
1,66.49,275.42
1,71.06,191.72
2,59.91,122.99
1,65.68,214.15
1,67.83,206.62
1,68.46,180.87
2,63.33,163.17
2,64.80,166.55
2,62.07,131.40
2,65.90,160.35
2,72.63,188.13
2,60.77,153.68
2,67.12,129.98
2,62.91,135.31
1,72.26,222.47
2,63.85,129.15
2,65.79,168.43
2,70.30,133.90
2,68.14,138.73
2,63.68,125.21
2,64.39,137.35
1,72.95,198.42
2,62.65,157.28
1,72.91,161.10
2,64.31,133.13
1,66.61,153.50
1,69.28,195.99
2,63.81,120.02
1,70.61,189.71
2,62.43,112.54
2,68.81,200.50
1,69.71,231.72
2,62.45,110.08
2,67.64,150.33
2,61.47,140.62
1,66.89,180.86
2,60.81,101.98
2,63.19,245.13
1,69.59,182.98
2,66.63,144.16
1,67.82,179.12
2,63.47,143.95
1,63.77,127.75
1,69.69,154.34
2,65.45,201.57
1,71.61,240.85
2,63.37,124.71
1,69.92,243.03
2,59.83,225.14
2,67.26,144.02
2,60.73,101.32
2,63.23,149.20
2,61.46,129.74
2,66.50,172.17
2,63.88,204.24
1,68.46,178.97
1,65.34,192.76
1,70.03,170.30
1,71.16,160.08
2,63.42,211.68
1,67.07,213.75
2,62.67,159.37
2,68.69,130.05
1,76.05,250.28
2,63.24,135.62
2,67.62,207.29
2,62.76,147.84
1,70.37,218.71
1,69.39,208.99
2,66.44,239.22
2,67.68,150.33
2,63.23,248.35
1,66.08,238.85
1,72.95,174.93
1,72.17,147.22
2,60.63,180.89
1,72.74,195.46
2,67.14,143.05
1,68.38,204.39
1,67.31,180.49
2,61.00,159.84
1,64.66,204.28
1,69.84,164.83
2,59.44,129.78
2,58.29,112.53
2,65.01,145.07
2,64.38,114.29
1,63.71,134.03
2,63.40,138.84
1,70.02,259.30
1,69.63,184.07
2,62.95,183.44
2,64.22,112.59
2,62.39,163.52
2,60.05,195.20
2,65.91,147.71
1,75.37,195.85
2,61.52,130.32
2,68.14,121.50
1,68.58,207.87
2,58.58,131.58
2,70.27,179.79
1,63.58,187.76
1,65.54,138.61
1,62.11,180.86
2,62.03,180.83
2,61.35,129.12
1,72.60,287.74
2,65.50,128.02
1,67.63,239.12
2,63.41,162.45
1,74.65,238.15
1,66.12,199.06
1,67.56,198.76
2,67.62,242.48
2,65.56,188.94
1,70.90,175.86
1,73.45,187.98
2,64.67,138.56
2,62.50,137.62
1,68.56,145.09
2,62.21,178.85
2,61.40,149.98
2,62.66,142.15
1,69.60,211.65
1,64.56,163.14
1,73.06,138.21
2,68.16,162.80
2,64.60,183.40
1,70.71,171.55
2,66.19,123.36
2,61.46,162.35
2,67.42,165.74
2,64.28,111.65
2,59.93,137.50
2,64.49,155.80
1,70.60,149.82
2,66.57,134.80
1,71.84,179.76
1,71.40,167.69
2,66.49,125.56
1,72.20,200.54
2,59.49,107.41
2,66.99,269.31
1,70.35,170.04
2,62.61,149.02
1,74.83,164.79
2,66.45,129.75
2,64.69,188.13
2,64.46,178.32
1,77.98,185.66
1,69.13,160.52
1,73.04,228.85
2,68.04,159.56
2,65.43,151.31
1,71.39,215.06
2,68.19,260.81
2,64.14,124.79
1,70.73,174.05
2,65.66,178.89
2,57.14,150.65
1,72.70,262.00
1,69.71,143.77
2,66.96,237.73
2,61.91,260.25
1,69.04,231.72
2,63.69,184.61
2,62.82,139.69
1,71.47,174.48
1,70.21,272.66
2,64.41,144.24
1,65.02,179.15
2,62.48,132.20
2,63.91,145.34
2,65.38,189.72
1,67.45,188.05
1,72.41,180.84
2,61.69,140.94
2,60.14,111.67
2,73.82,189.19
1,78.26,179.60
1,67.13,209.29
2,64.47,239.44
1,69.34,270.54
2,64.48,140.21
2,70.27,229.29
1,65.83,127.37
1,65.64,216.51
1,73.04,170.51
2,64.81,228.16
2,66.14,177.92
1,70.28,188.66
2,61.31,158.52
2,61.51,142.84
1,72.12,146.87
2,57.21,150.23
2,64.36,168.50
1,78.50,200.70
2,64.33,214.48
2,65.93,121.75
2,66.50,229.10
1,67.22,180.83
2,67.54,155.06
1,63.39,168.92
1,70.65,179.52
2,67.13,128.02
1,71.21,213.51
1,62.83,135.22
2,65.45,177.66
2,61.43,117.01
2,60.62,229.74
1,66.96,149.76
2,65.87,236.87
1,75.84,295.39
2,62.19,119.20
1,66.05,206.42
2,64.88,144.14
1,72.79,185.72
2,67.38,144.59
2,61.44,146.01
2,61.89,166.47
1,74.68,200.90
2,62.46,136.25
1,70.79,189.70
1,65.83,203.47
1,69.29,235.40
2,62.33,153.70
2,62.71,140.24
1,68.32,183.79
2,65.29,142.24
2,66.60,178.56
1,72.03,209.33
1,69.79,149.38
2,65.64,177.13
2,61.00,121.24
1,76.20,272.16
2,63.50,146.46
2,64.38,135.83
1,69.35,185.61
1,65.93,197.84
2,67.43,119.13
1,70.35,188.91
1,77.15,231.99
1,67.23,181.70
1,68.73,179.62
1,74.47,182.44
2,67.43,174.53
1,68.37,185.09
2,61.32,141.86
2,66.51,224.01
2,60.63,109.69
2,60.09,164.49
2,66.01,261.82
1,73.09,189.58
1,73.05,240.40
1,70.58,200.36
1,76.11,209.74
2,68.17,150.86
1,65.25,154.89
2,60.99,206.39
2,65.14,159.96
2,61.19,125.11
2,62.93,195.28
1,65.23,142.48
1,72.14,235.18
2,65.86,185.74
1,67.56,151.70
1,70.00,158.31
1,71.10,224.28
2,65.83,135.06
1,69.99,179.89
2,66.84,260.97
1,65.56,193.93
2,67.08,140.22
1,67.13,170.21
2,70.67,249.92
1,65.97,128.56
1,76.98,273.74
1,69.49,198.71
2,63.95,128.71
2,55.40,186.24
1,72.12,230.79
1,71.37,170.82
1,65.32,163.24
1,71.63,238.74
1,73.91,190.66
1,66.34,164.67
1,68.34,162.59
1,73.35,180.95
1,71.54,184.73
2,62.34,109.92
1,68.65,186.97
2,66.33,199.22
2,65.21,138.98
1,69.61,193.97
1,79.37,165.78
2,63.11,108.85
1,71.32,222.30
2,63.16,141.44
1,69.23,176.86
2,64.54,161.98
2,63.22,135.37
1,71.73,189.77
1,69.45,171.64
2,64.70,135.49
1,71.05,239.55
2,64.20,99.34
2,66.06,126.12
1,64.57,209.84
2,59.60,164.41
1,73.77,183.38
1,72.56,274.04
2,60.76,209.59
2,60.89,135.64
2,59.42,152.70
1,63.07,165.73
1,71.90,199.39
1,72.34,198.67
2,59.55,122.51
1,71.93,191.94
1,67.21,194.08
1,69.93,219.50
1,74.73,243.21
2,64.93,117.45
1,73.04,183.03
1,76.52,260.60
2,64.05,207.95
2,66.77,129.08
1,74.86,296.84
2,66.87,229.78
1,72.28,223.52
1,70.10,199.15
1,69.88,150.30
2,64.02,180.89
2,58.40,116.67
2,63.11,153.18
2,62.56,155.18
2,64.20,133.37
1,75.48,268.89
1,73.89,248.94
2,64.25,147.30
2,62.40,163.22
2,58.61,175.73
2,59.06,141.77
1,74.66,170.11
1,64.69,168.20
1,65.77,159.58
2,65.73,138.19
1,72.67,188.09
2,66.34,115.14
2,68.68,174.76
2,64.39,176.55
2,59.60,131.87
2,70.86,162.19
1,72.42,145.32
2,63.92,130.35
2,57.66,100.88
2,69.90,182.51
1,68.07,170.16
1,70.40,130.12
2,66.13,140.91
2,71.05,185.09
1,62.87,165.26
2,65.61,162.40
2,68.39,175.41
1,67.50,168.08
1,72.65,183.45
1,71.17,161.60
2,63.44,156.71
1,64.19,140.37
2,61.83,115.17
2,68.38,136.53
1,70.41,211.43
1,72.49,241.76
2,61.81,133.05
1,67.17,179.03
2,63.62,185.86
2,62.51,135.48
1,66.79,149.84
1,69.16,136.88
2,61.99,140.49
2,66.87,143.20
2,64.39,175.97
2,69.76,194.26
1,67.22,138.63
2,59.43,173.30
2,66.92,161.09
2,61.23,105.64
2,65.43,131.31
1,64.25,161.10
1,68.90,177.56
2,64.43,130.73
2,67.13,140.94
1,70.22,143.57
1,66.99,135.28
2,71.01,194.12
1,76.54,174.69
2,63.14,185.95
2,57.08,106.75
1,70.98,176.09
2,59.45,134.68
1,62.62,145.53
1,73.98,238.57
1,71.53,186.47
1,76.87,197.15
2,65.28,119.41
1,71.07,271.48
2,68.30,169.81
2,63.69,140.67
1,70.72,234.11
1,67.89,240.74
2,63.78,259.51
1,76.17,190.36
2,66.09,165.40
2,61.23,140.49
1,65.91,174.66
1,73.08,213.29
2,66.81,139.20
2,65.91,165.48
2,64.55,163.98
1,74.10,186.99
2,68.07,249.52
2,62.32,180.18
2,65.91,183.95
2,64.65,146.10
1,64.39,136.73
1,68.73,150.67
2,65.18,139.72
1,75.49,249.66
1,71.61,260.61
1,73.62,190.95
2,65.42,109.79
2,65.82,160.67
2,66.46,114.97
2,65.96,119.89
1,70.18,172.99
1,70.02,137.98
1,65.78,142.19
1,69.88,149.78
2,63.22,161.87
2,56.32,143.07
2,71.91,199.68
1,66.92,145.74
2,63.51,124.81
1,73.00,184.42
1,66.07,157.75
2,65.19,129.64
2,59.53,186.06
1,74.96,248.03
2,62.48,151.99
2,60.05,190.85
2,66.46,136.60
2,62.06,157.30
1,65.05,155.64
1,78.25,220.90
2,60.03,158.95
2,64.14,162.06
1,69.85,180.12
2,62.48,125.37
1,78.27,183.29
1,67.78,158.04
1,63.26,189.23
1,74.74,262.17
1,75.80,214.54
1,75.13,208.30
2,69.40,182.00
2,59.83,116.36
2,66.24,130.23
1,68.76,140.64
2,64.90,209.91
2,63.15,179.30
1,67.32,139.59
1,73.14,143.98
2,66.49,160.16
2,61.24,148.45
2,67.47,156.94
1,68.31,140.45
1,76.31,254.72
1,68.35,137.60
1,76.16,264.25
1,66.63,223.93
2,67.60,250.49
2,67.49,251.32
2,68.97,148.62
2,63.73,208.29
2,59.34,123.27
2,65.01,160.76
1,71.94,194.75
1,70.36,252.48
2,62.40,133.32
2,63.37,134.97
2,63.04,142.41
1,69.21,171.16
2,64.15,122.21
2,65.01,230.36
1,69.29,171.43
2,65.76,219.87
1,74.15,183.59
1,69.40,187.47
2,64.86,147.23
1,71.75,262.33
1,67.13,190.64
1,71.42,190.42
1,66.91,226.34
2,68.67,156.41
1,68.52,161.37
2,64.29,121.81
1,66.85,185.06
1,69.97,195.14
2,64.94,178.05
2,63.04,143.06
2,61.72,156.79
2,62.94,197.99
2,62.77,191.53
1,64.37,166.38
2,63.33,129.58
1,72.07,224.90
1,66.80,217.97
1,70.56,196.09
2,64.63,129.56
2,61.92,145.84
2,64.64,172.81
1,72.76,257.91
2,64.41,167.75
2,58.91,197.28
2,62.86,203.02
2,69.86,118.92
2,63.00,159.34
2,63.16,169.42
1,71.60,192.84
1,74.53,184.82
1,67.63,193.84
2,67.13,163.78
1,73.88,277.47
1,65.33,188.53
1,70.42,262.96
2,65.37,113.57
2,66.65,130.71
2,67.35,156.36
2,59.02,135.36
1,71.10,189.11
1,67.92,182.51
2,60.68,97.77
1,71.76,240.87
2,65.04,143.46
2,63.25,122.27
2,68.50,199.65
1,70.01,154.36
2,68.11,155.26
2,64.68,129.38
1,75.32,187.37
2,59.80,127.64
2,65.43,167.44
2,64.21,153.21
1,66.85,216.43
1,70.95,200.27
1,69.04,184.41
2,75.33,202.55
2,62.84,141.64
1,71.84,187.20
1,74.27,187.82
1,61.35,165.19
2,69.69,129.97
2,61.73,146.22
2,62.51,120.83
2,59.09,122.41
1,74.28,194.36
1,75.31,261.30
1,75.10,207.78
2,63.50,260.70
2,61.25,200.70
2,71.06,190.69
2,65.18,153.63
1,77.07,206.29
1,74.58,233.10
1,71.84,172.31
1,65.04,269.42
2,66.11,180.35
1,68.62,199.43
2,63.42,161.96
2,65.16,155.20
2,61.96,186.62
2,63.05,202.32
1,72.72,195.06
2,63.24,96.59
2,70.22,232.53
2,64.74,129.25
1,71.38,191.88
2,62.33,134.05
1,69.28,152.08
2,65.32,138.90
2,68.79,200.37
1,70.20,167.39
2,61.47,160.22
1,69.34,230.33
2,65.26,148.06
2,62.52,253.10
2,62.84,116.24
2,56.34,158.41
2,64.72,181.98
1,65.58,139.97
1,73.23,171.45
2,69.46,146.77
1,69.13,197.08
2,66.11,189.31
2,69.81,159.95
2,65.61,137.05
2,64.73,139.80
2,62.67,145.47
1,70.62,180.45
1,66.74,161.14
2,66.55,137.23
2,61.35,129.39
1,67.41,157.75
1,68.32,203.54
1,66.67,163.76
1,67.80,191.68
2,59.66,168.67
2,59.61,129.95
2,70.23,220.51
2,65.88,134.17
1,74.29,183.55
2,67.32,160.86
1,72.50,156.69
1,67.95,184.53
2,62.69,185.78
2,64.77,158.53
1,69.72,164.08
2,63.63,152.33
1,71.25,214.64
1,72.87,241.78
1,74.73,248.86
1,68.54,194.73
2,63.41,105.21
1,68.78,162.90
1,72.13,236.76
2,63.78,160.72
1,69.18,214.26
2,64.69,164.82
2,63.57,179.90
2,63.89,149.59
1,71.70,184.57
2,64.79,151.20
1,70.66,180.56
2,64.28,184.40
1,65.99,163.98
1,71.63,220.97
1,68.47,226.34
1,68.71,219.64
1,73.18,200.34
1,66.96,180.95
1,75.17,274.86
1,75.29,178.70
1,66.09,169.94
2,64.14,169.50
1,73.11,252.10
1,69.92,228.41
2,62.64,219.74
1,70.89,150.87
1,72.97,190.99
1,66.94,200.38
1,68.14,155.29
2,62.19,148.90
2,62.41,124.16
2,63.69,175.48
1,67.89,148.30
2,70.90,179.74
2,66.08,115.45
2,66.35,115.34
1,68.46,152.01
1,71.14,152.84
2,67.87,202.86
1,69.87,178.55
1,69.20,152.92
1,70.17,207.41
2,61.14,140.00
1,73.18,170.56
1,74.09,177.80
2,69.02,254.73
2,68.44,192.66
1,72.87,205.38
1,71.97,176.87
2,63.43,148.41
2,67.36,188.03
2,60.68,195.21
2,60.36,110.25
1,65.37,206.71
1,70.18,192.95
1,67.67,191.34
2,64.67,118.58
2,68.22,151.03
1,71.28,235.00
2,64.64,186.94
2,62.58,103.31
1,66.95,175.06
1,68.99,267.49
1,64.25,165.22
1,63.86,216.80
1,69.53,214.45
1,70.98,171.52
2,61.57,153.22
1,65.47,209.80
1,67.54,179.17
2,61.09,128.51
1,70.28,168.07
2,67.59,153.71
1,73.30,268.94
2,66.22,219.27
2,66.40,188.78
1,72.71,174.30
1,70.39,163.11
2,61.87,182.21
2,64.19,106.75
1,70.56,169.61
2,65.77,212.21
2,58.21,162.04
1,72.97,218.72
1,73.10,215.41
1,69.94,200.90
1,71.81,156.31
2,63.19,128.78
2,69.38,161.35
2,61.84,110.87
2,66.25,126.58
2,60.39,135.18
1,66.75,200.79
2,60.44,137.48
1,67.50,137.49
1,69.64,201.63
1,70.55,179.56
2,64.05,165.06
2,66.11,134.65
2,67.21,137.02
1,67.23,160.62
2,63.86,161.69
2,65.24,177.24
2,65.78,252.07
2,62.23,129.60
1,65.53,162.59
1,68.23,195.83
2,70.54,187.66
1,75.27,222.45
1,68.24,158.79
1,71.51,212.77
2,65.40,159.25
1,75.72,231.95
1,68.88,214.52
2,62.15,141.95
1,64.94,177.41
1,65.84,184.20
2,69.16,221.37
1,68.82,212.80
2,61.00,157.64
1,72.52,249.72
2,62.03,143.12
2,60.58,247.11
2,57.16,126.78
1,68.35,178.89
1,74.73,173.78
1,70.77,192.67
1,69.82,180.15
2,66.28,186.64
2,63.34,134.22
1,71.50,238.63
2,66.90,191.93
2,72.10,193.66
2,68.36,122.20
2,60.31,135.55
1,73.58,291.12
1,72.21,239.39
1,69.83,189.56
2,67.11,143.78
1,67.80,163.08
1,71.93,199.06
2,59.01,121.74
2,60.98,109.11
1,70.10,172.79
1,71.52,230.37
2,67.23,255.46
1,72.93,181.18
1,69.49,178.14
2,60.95,219.45
1,72.41,198.63
1,64.40,161.81
1,75.94,197.86
2,65.08,138.38
1,64.93,154.06
2,67.31,131.44
1,71.43,207.82
1,73.94,172.57
2,66.26,133.17
1,74.26,182.68
1,68.98,177.16
2,70.34,169.46
1,75.68,240.47
2,64.03,131.31
2,67.07,115.56
2,68.61,200.78
1,69.42,222.60
1,71.76,187.63
2,66.61,193.20
2,62.35,169.59
2,61.87,128.88
2,62.93,124.30
1,69.11,143.31
2,65.05,178.98
2,62.34,151.49
1,70.48,149.38
1,73.45,164.64
2,71.33,147.49
1,74.66,167.93
2,64.02,110.19
1,74.59,191.49
2,61.77,161.71
1,66.30,219.85
2,59.14,108.85
1,72.81,202.25
1,72.73,206.62
2,66.48,149.08
1,64.39,181.40
1,72.31,202.58
1,74.32,225.23
2,66.36,157.38
1,71.80,193.75
1,66.74,197.06
2,66.88,128.89
1,76.42,145.40
2,65.21,136.00
2,61.36,117.78
2,64.69,143.98
1,61.89,147.44
1,72.36,240.69
2,69.13,136.88
2,59.31,129.70
2,66.32,144.43
2,56.18,176.31
2,69.83,157.58
2,58.95,125.45
2,63.74,234.73
1,72.77,225.68
2,65.78,158.29
2,58.56,134.49
1,72.02,206.34
1,72.46,218.20
1,67.53,138.25
2,64.23,143.69
2,60.34,116.91
2,64.06,109.42
2,67.26,210.24
1,73.83,239.61
2,66.26,179.77
2,65.02,100.22
2,66.06,170.39
2,62.88,230.15
1,65.90,213.47
2,64.36,138.44
2,61.52,137.59
1,62.45,158.48
1,68.16,178.00
2,66.92,150.05
2,58.27,121.11
1,74.65,272.59
1,67.34,154.32
2,65.04,151.53
2,65.43,250.72
1,69.73,170.45
1,64.11,134.70
2,60.56,154.40
2,62.14,172.35
2,65.20,159.81
1,70.29,198.62
2,63.32,111.21
2,61.74,96.69
1,64.74,180.91
1,70.53,172.58
2,68.06,124.21
2,61.48,126.80
2,68.17,231.63
2,66.82,150.11
1,65.95,144.96
2,59.42,114.14
2,66.06,134.23
2,62.77,166.82
1,75.51,132.62
1,68.80,189.15
1,74.94,179.92
1,67.19,168.05
2,68.63,212.37
1,66.19,170.03
2,64.15,219.00
2,65.53,153.92
2,59.19,161.19
1,66.05,158.28
2,59.93,170.89
1,62.20,133.42
1,73.10,175.49
2,71.84,169.36
1,66.69,139.27
1,67.41,215.09
2,63.15,100.89
1,69.49,267.21
2,69.31,170.37
1,72.79,232.50
2,61.22,150.26
2,67.24,128.28
1,70.79,221.52
2,66.61,198.65
2,66.16,143.49
2,67.46,196.77
1,72.85,168.33
2,67.58,222.37
2,65.94,179.84
2,66.95,200.67
2,60.34,138.64
2,62.62,141.11
2,66.33,198.69
2,69.64,137.28
1,75.62,249.03
1,72.64,219.29
2,63.61,141.99
2,61.34,113.95
2,65.34,150.07
1,66.66,148.08
2,63.65,118.96
1,69.69,222.56
2,65.88,175.66
2,62.92,179.91
2,67.40,148.17
1,67.91,149.97
1,68.69,205.68
1,70.34,160.57
2,63.79,115.15
2,68.18,200.48
1,75.18,195.62
2,67.78,173.31
2,64.24,117.05
2,67.79,191.34
1,70.46,213.79
1,66.99,154.32
1,66.64,199.52
1,71.59,172.06
1,75.60,233.23
1,71.71,215.28
2,58.77,168.32
2,59.89,114.78
2,67.51,142.13
2,63.94,128.55
2,63.18,202.31
2,68.80,241.16
2,67.24,137.10
2,70.83,119.83
1,70.55,141.61
1,70.85,223.33
1,66.63,158.97
1,71.76,190.86
2,64.73,211.18
1,66.69,201.52
2,63.48,165.57
2,63.33,164.35
2,59.41,254.27
1,72.66,200.70
2,66.87,158.67
1,70.20,231.49
1,66.15,151.29
2,62.99,160.18
2,68.69,142.23
1,63.60,237.28
2,63.22,220.53
2,63.96,138.60
2,61.47,117.68
1,73.76,211.52
1,75.76,215.64
2,62.31,126.89
2,59.65,136.73
2,59.04,152.52
2,63.59,147.58
2,68.39,157.23
2,64.47,146.91
2,56.85,170.95
1,70.10,205.58
1,68.49,205.29
1,72.22,206.48
2,62.05,199.32
1,68.14,200.43
2,60.70,119.78
2,65.54,126.05
2,64.05,131.54
2,57.19,121.58
2,58.99,183.42
1,72.42,190.78
1,70.71,170.78
2,60.67,158.85
1,68.32,200.94
1,66.97,153.40
2,65.70,107.11
1,76.60,195.35
2,62.82,189.67
2,58.51,157.29
2,69.77,219.86
2,69.06,158.80
2,64.27,181.21
1,72.91,253.43
2,67.13,130.04
2,67.62,182.61
1,72.49,199.93
1,66.18,181.44
1,68.33,214.96
2,65.36,129.92
1,59.61,190.93
1,68.35,202.27
2,65.55,162.78
1,70.66,179.30
2,64.64,144.45
2,62.20,169.95
2,59.67,182.05
2,68.44,167.27
1,72.98,220.28
1,73.19,189.47
2,61.13,129.59
2,63.71,174.75
2,64.28,175.99
1,64.77,148.51
2,61.92,271.22
2,65.99,144.99
1,64.87,202.00
1,67.91,168.42
1,73.00,209.48
2,62.03,172.42
2,68.08,190.27
2,64.76,198.71
2,69.54,218.73
1,70.69,290.96
2,66.27,136.04
1,75.62,220.59
2,60.20,168.18
1,73.93,184.81
1,72.91,147.69
2,63.84,175.12
1,69.64,200.90
1,68.86,184.82
1,63.82,158.60
2,61.69,149.79
1,73.64,182.48
2,63.50,169.87
2,66.84,139.89
2,69.09,144.76
1,70.63,179.97
2,60.62,189.25
1,70.03,184.52
1,73.27,212.49
1,72.52,248.48
1,70.86,182.98
2,71.13,201.49
2,58.46,107.34
2,60.79,107.68
2,66.55,129.66
2,63.91,205.73
2,69.24,108.58
2,63.93,152.09
2,66.56,195.62
1,69.83,277.73
2,61.53,141.30
2,66.18,165.76
1,67.64,168.88
1,72.67,238.42
1,74.75,209.49
1,68.82,162.11
1,69.27,134.06
1,77.40,252.15
2,62.47,106.13
1,65.12,249.07
2,63.73,165.53
2,72.28,123.93
2,62.17,160.86
1,72.98,143.56
1,64.82,255.39
2,65.00,166.41
1,72.84,158.18
2,63.11,124.53
2,64.87,244.02
2,65.34,120.92
1,71.29,168.19
2,59.00,203.57
1,72.02,242.17
1,69.92,181.88
1,72.53,237.25
2,64.23,152.77
2,69.39,157.29
2,60.70,168.28
2,68.42,186.95
2,65.94,184.76
1,69.85,200.03
1,68.87,191.06
2,67.67,172.60
2,64.51,149.53
2,64.15,144.66
2,67.09,136.83
2,59.96,199.59
2,64.36,145.73
1,75.30,191.86
2,63.97,127.60
1,69.74,179.72
2,67.87,181.91
1,73.17,202.31
1,67.30,143.91
1,71.30,217.41
2,66.91,147.11
1,66.30,209.49
1,68.92,208.94
2,62.06,171.34
1,65.74,151.15
2,63.61,143.32
1,64.51,200.56
2,66.40,175.59
1,72.74,203.98
2,66.44,143.94
2,70.19,148.30
1,73.45,128.88
2,62.07,114.96
2,61.98,146.24
2,60.14,184.10
2,64.42,111.18
2,57.99,144.12
2,66.89,221.61
1,64.23,173.59
1,69.97,188.00
2,65.29,151.93
1,73.15,195.10
1,74.50,195.37
1,71.73,207.57
1,68.59,199.68
2,66.62,131.81
1,73.27,190.27
1,73.22,238.67
1,65.60,247.11
2,64.91,141.07
2,60.04,157.63
1,71.77,207.99
1,70.94,220.64
1,69.45,165.38
2,64.31,228.35
1,71.67,174.53
1,70.52,200.86
2,62.73,158.31
1,72.16,179.19
1,75.73,248.22
1,66.64,151.44
1,69.22,210.49
1,73.55,224.01
1,75.20,261.14
1,68.08,190.11
1,66.18,149.26
1,69.53,161.99
1,66.75,172.48
1,69.77,189.65
2,66.00,127.90
2,60.85,130.60
1,65.17,151.13
1,65.95,193.80
1,63.36,160.02
2,67.40,171.46
1,71.31,235.11
2,63.30,138.52
1,72.38,166.37
2,68.80,159.10
1,71.11,161.10
2,61.88,135.38
2,65.25,133.36
2,59.19,158.87
2,69.96,178.15
2,62.33,148.11
2,67.84,140.77
1,71.21,279.33
1,72.08,163.31
1,71.20,178.35
1,70.35,170.19
2,64.21,166.78
2,60.60,132.97
2,65.51,167.98
1,71.16,202.19
1,70.54,195.53
2,58.86,123.36
2,61.66,174.57
2,63.62,148.82
1,70.55,162.06
1,74.17,179.63
2,68.61,129.68
2,60.95,171.72
1,66.32,268.64
2,71.66,165.48
1,67.96,137.04
2,63.73,228.30
2,59.89,119.79
2,58.41,148.18
2,61.70,149.72
2,65.55,187.15
1,72.34,298.44
2,63.19,128.64
2,69.43,189.76
1,59.75,150.09
1,68.47,174.34
1,68.02,212.95
1,75.87,160.30
2,62.84,131.07
1,69.56,182.80
1,67.25,170.27
2,63.28,168.19
2,61.77,149.36
1,66.01,250.57
1,74.91,210.43
1,77.97,206.54
2,63.96,175.07
1,71.33,203.37
1,72.36,241.62
2,62.82,234.11
2,60.60,145.91
1,74.96,214.05
2,63.89,125.06
2,64.04,173.52
1,74.63,175.09
1,71.61,210.46
1,67.65,189.69
1,65.65,179.83
2,62.50,115.08
2,67.44,136.39
2,57.49,140.38
1,73.25,216.10
2,67.34,142.03
2,62.15,133.19
1,75.71,207.88
2,60.40,118.68
1,73.91,166.87
2,67.22,124.93
2,67.72,159.58
1,68.86,248.96
2,61.70,163.29
1,74.83,241.25
1,75.46,239.91
2,66.58,115.03
1,66.13,179.82
2,68.10,189.94
2,64.17,171.11
1,65.76,189.87
1,68.89,179.05
1,74.34,165.04
1,67.50,148.08
1,72.64,155.20
1,70.00,170.00
1,72.77,159.24
1,60.89,161.69
1,65.06,134.97
2,62.89,155.84
1,68.01,170.17
2,68.02,141.91
2,64.80,149.27
1,68.69,181.61
1,62.43,228.14
1,69.25,164.22
2,62.87,139.56
1,62.60,188.98
1,70.46,217.54
2,63.67,179.31
2,64.53,237.66
1,70.21,167.99
1,70.84,205.78
1,70.90,190.62
1,67.98,180.24
2,67.85,127.67
2,71.42,182.06
2,64.19,113.74
1,59.22,179.10
1,70.55,274.11
2,62.24,150.09
2,63.78,146.42
2,64.66,115.42
1,71.54,220.86
1,72.12,239.88
1,67.59,210.04
2,62.99,138.51
2,62.57,175.40
1,76.18,207.72
1,66.72,190.72
1,68.52,197.43
2,62.62,128.81
1,65.35,277.13
1,66.99,165.18
1,67.34,203.08
1,72.13,207.93
2,64.40,167.81
2,64.87,146.99
2,67.37,180.25
2,67.72,169.49
1,71.34,157.97
2,62.26,198.24
2,69.08,170.98
1,71.99,236.23
1,68.40,138.78
2,62.83,124.18
2,65.89,170.45
1,69.61,160.41
2,59.92,140.86
2,64.33,191.38
1,70.11,219.38
1,69.07,180.25
1,69.57,172.40
2,63.30,199.57
1,67.15,178.50
1,74.23,276.00
1,64.10,178.16
1,71.52,164.72
2,68.06,110.91
1,66.30,151.29
1,71.90,207.59
2,56.99,142.89
1,73.68,241.40
2,62.37,195.05
1,77.57,210.21
2,59.84,142.38
2,64.79,207.54
1,72.89,185.67
2,64.90,250.42
2,57.84,159.52
1,68.63,150.24
1,66.33,159.41
1,69.19,175.71
1,73.85,186.21
2,66.64,200.88
2,65.57,227.75
1,65.62,147.64
1,76.42,286.58
1,65.01,158.73
1,66.81,187.23
2,64.90,184.37
1,70.80,214.76
1,63.41,147.81
2,68.18,212.01
2,63.84,189.65
1,67.06,165.06
2,64.71,139.52
1,74.65,179.91
1,72.16,165.70
1,71.85,193.39
1,64.49,172.75
1,70.87,176.18
2,68.68,172.37
1,72.46,191.92
1,72.36,245.32
2,66.05,183.19
2,61.62,153.22
2,63.70,192.38
2,62.40,148.33
1,71.17,219.36
2,62.08,186.09
2,61.40,172.64
2,66.58,138.53
2,64.80,155.77
1,72.33,150.11
2,68.69,174.24
2,61.88,127.08
2,65.31,126.57
2,67.90,166.90
2,61.50,139.49
2,61.95,161.07
2,64.14,149.72
1,69.68,191.42
2,62.47,147.35
2,58.82,124.53
2,59.84,115.47
2,69.19,160.56
2,59.51,173.05
1,68.93,150.82
2,72.03,150.35
1,71.77,184.33
2,65.59,138.48
2,60.37,143.84
1,70.88,196.01
2,69.70,219.38
2,69.96,133.17
2,61.26,136.82
2,67.42,165.65
1,66.60,153.75
2,65.34,152.37
2,70.48,222.09
2,71.71,187.73
1,66.64,152.82
2,67.90,136.03
2,61.23,122.78
2,63.26,129.52
1,66.41,174.80
1,68.92,190.22
2,63.25,123.33
2,65.76,141.48
2,66.86,139.36
1,69.74,161.21
2,65.43,156.97
2,67.65,160.96
1,76.91,234.95
2,64.13,113.01
1,73.37,196.99
2,68.93,175.74
2,67.78,170.29
2,66.07,166.32
2,60.52,110.99
1,76.74,208.93
1,69.98,169.04
1,68.03,200.91
2,68.74,147.46
2,58.63,115.33
2,64.43,144.49
2,61.82,172.19
1,66.14,239.17
1,73.18,196.47
1,67.33,181.37
2,67.74,261.13
2,65.59,112.11
1,74.56,176.03
1,71.24,224.35
2,61.56,188.43
2,64.00,147.63
2,60.12,148.24
1,67.54,192.31
2,59.86,125.04
1,70.59,195.63
1,70.21,199.96
2,59.96,132.85
2,62.30,149.45
2,63.82,248.13
2,62.84,143.50
1,70.51,161.62
1,68.68,217.08
2,60.07,133.51
2,67.44,158.32
2,66.46,160.72
1,70.33,185.94
2,60.87,138.32
2,64.06,163.49
2,62.80,149.95
1,69.18,231.55
1,70.19,179.77
2,59.72,171.25
2,65.55,260.88
2,59.30,120.69
1,65.83,149.47
2,65.05,139.17
1,72.17,171.48
1,70.36,219.41
2,64.17,231.80
2,65.24,182.04
1,69.96,163.02
2,63.88,221.23
2,66.64,187.21
2,59.89,151.78
1,66.77,140.31
2,68.40,146.35
1,63.47,134.50
2,71.97,114.82
1,70.63,205.01
1,64.38,159.77
1,73.04,194.91
1,67.47,293.79
2,64.97,168.37
2,65.82,134.85
1,73.28,211.70
2,63.10,129.09
2,64.07,166.56
1,70.37,129.71
1,72.76,249.25
2,65.04,159.00
2,60.66,124.03
1,67.46,217.13
2,60.54,123.54
1,71.84,177.94
2,68.58,236.18
1,66.25,200.93
2,64.75,174.45
2,61.51,180.25
2,59.99,135.15
2,62.14,120.72
1,67.03,168.98
1,70.36,201.89
2,65.17,154.27
2,60.58,163.85
2,65.84,227.09
1,67.69,145.34
1,62.55,153.10
1,68.45,135.20
2,65.11,174.55
1,75.14,210.90
1,70.85,198.99
1,76.31,195.14
2,70.20,190.38
2,59.60,125.07
1,64.93,162.16
1,70.91,164.55
1,69.98,209.48
1,68.43,135.90
2,62.79,149.13
1,68.94,160.12
2,65.91,127.47
1,64.66,145.41
2,67.77,134.01
2,61.04,142.70
1,76.27,232.47
1,68.80,148.61
2,62.15,128.44
1,62.32,168.31
2,61.85,131.01
2,60.62,113.08
2,60.27,133.16
2,65.34,163.28
1,74.05,222.89
2,66.63,169.90
2,65.01,135.66
1,66.51,150.25
2,64.93,212.95
2,73.03,202.87
2,65.19,114.68
1,67.30,183.39
2,63.69,167.53
2,62.66,136.99
2,59.98,111.56
